subject,trial,condition,RT_ms,accuracy,age
S01,1,Incongruent,654.0,0,30
S01,2,Incongruent,695.3,1,30
S01,3,Incongruent,576.3,1,30
S01,4,Congruent,556.1,1,30
S01,5,Incongruent,583.9,1,30
S01,6,Incongruent,510.3,1,30
S01,7,Incongruent,622.7,1,30
S01,8,Incongruent,609.8,1,30
S01,9,Congruent,631.1,1,30
S01,10,Incongruent,655.1,1,30
S01,11,Congruent,534.5,1,30
S01,12,Congruent,487.1,1,30
S01,13,Congruent,518.0,1,30
S01,14,Incongruent,646.6,1,30
S01,15,Incongruent,541.4,1,30
S01,16,Incongruent,600.9,0,30
S01,17,Incongruent,628.7,0,30
S01,18,Congruent,606.0,1,30
S01,19,Congruent,545.3,1,30
S01,20,Congruent,447.5,1,30
S01,21,Incongruent,639.2,1,30
S01,22,Congruent,569.8,0,30
S01,23,Congruent,506.8,1,30
S01,24,Incongruent,645.7,1,30
S01,25,Incongruent,653.9,0,30
S01,26,Congruent,583.4,1,30
S01,27,Incongruent,592.6,0,30
S01,28,Congruent,484.8,1,30
S01,29,Congruent,483.4,1,30
S01,30,Incongruent,581.5,1,30
S01,31,Congruent,579.7,1,30
S01,32,Congruent,631.1,1,30
S01,33,Incongruent,676.7,1,30
S01,34,Congruent,587.0,1,30
S01,35,Congruent,585.2,1,30
S01,36,Incongruent,607.6,1,30
S01,37,Incongruent,637.3,1,30
S01,38,Incongruent,644.8,1,30
S01,39,Incongruent,596.4,0,30
S01,40,Incongruent,588.8,1,30
S01,41,Incongruent,648.8,0,30
S01,42,Congruent,596.6,1,30
S01,43,Congruent,585.1,1,30
S01,44,Congruent,603.1,1,30
S01,45,Congruent,504.8,1,30
S01,46,Congruent,518.1,1,30
S01,47,Incongruent,639.2,1,30
S01,48,Congruent,537.7,1,30
S01,49,Congruent,564.1,1,30
S01,50,Congruent,573.8,1,30
S01,51,Incongruent,626.7,1,30
S01,52,Congruent,484.8,1,30
S01,53,Incongruent,632.8,1,30
S01,54,Incongruent,604.0,1,30
S01,55,Incongruent,574.4,0,30
S01,56,Incongruent,603.5,1,30
S01,57,Congruent,478.2,1,30
S01,58,Congruent,551.0,1,30
S01,59,Incongruent,595.4,1,30
S01,60,Congruent,559.7,1,30
S01,61,Congruent,479.5,1,30
S01,62,Incongruent,633.5,1,30
S01,63,Incongruent,598.3,1,30
S01,64,Congruent,442.7,0,30
S01,65,Congruent,563.9,1,30
S01,66,Congruent,600.9,1,30
S01,67,Congruent,484.8,1,30
S01,68,Incongruent,602.7,1,30
S01,69,Congruent,450.1,1,30
S01,70,Congruent,502.5,1,30
S01,71,Incongruent,600.9,1,30
S01,72,Congruent,531.4,1,30
S01,73,Incongruent,562.1,1,30
S01,74,Congruent,518.0,1,30
S01,75,Congruent,514.5,1,30
S01,76,Incongruent,599.3,0,30
S01,77,Congruent,514.7,1,30
S01,78,Congruent,534.2,1,30
S01,79,Incongruent,581.2,1,30
S01,80,Incongruent,580.1,1,30
S01,81,Incongruent,526.2,1,30
S01,82,Congruent,532.4,1,30
S01,83,Incongruent,554.5,1,30
S01,84,Incongruent,564.0,0,30
S01,85,Congruent,548.1,1,30
S01,86,Congruent,515.5,1,30
S01,87,Incongruent,563.9,0,30
S01,88,Congruent,511.6,1,30
S01,89,Congruent,458.4,1,30
S01,90,Incongruent,593.0,1,30
S01,91,Incongruent,626.2,1,30
S01,92,Congruent,459.5,1,30
S01,93,Incongruent,610.8,1,30
S01,94,Congruent,567.8,1,30
S01,95,Incongruent,592.0,1,30
S01,96,Incongruent,633.3,1,30
S01,97,Congruent,496.1,1,30
S01,98,Congruent,481.9,1,30
S01,99,Incongruent,543.6,1,30
S01,100,Incongruent,624.7,1,30
S02,1,Incongruent,616.5,1,28
S02,2,Congruent,556.7,1,28
S02,3,Incongruent,507.6,1,28
S02,4,Incongruent,604.3,1,28
S02,5,Congruent,522.6,1,28
S02,6,Congruent,498.7,1,28
S02,7,Congruent,544.7,1,28
S02,8,Congruent,589.8,1,28
S02,9,Incongruent,635.3,1,28
S02,10,Incongruent,608.2,1,28
S02,11,Congruent,443.3,1,28
S02,12,Incongruent,578.9,1,28
S02,13,Congruent,485.9,1,28
S02,14,Congruent,563.1,1,28
S02,15,Incongruent,556.1,1,28
S02,16,Incongruent,622.1,1,28
S02,17,Incongruent,580.8,1,28
S02,18,Congruent,434.6,1,28
S02,19,Incongruent,500.9,1,28
S02,20,Congruent,488.1,0,28
S02,21,Congruent,405.6,1,28
S02,22,Congruent,505.8,1,28
S02,23,Incongruent,565.7,1,28
S02,24,Incongruent,595.8,1,28
S02,25,Incongruent,603.8,1,28
S02,26,Incongruent,541.8,0,28
S02,27,Congruent,471.8,1,28
S02,28,Incongruent,559.2,1,28
S02,29,Incongruent,571.0,1,28
S02,30,Incongruent,553.6,1,28
S02,31,Incongruent,577.6,1,28
S02,32,Incongruent,539.4,1,28
S02,33,Incongruent,561.4,1,28
S02,34,Incongruent,542.9,1,28
S02,35,Incongruent,651.8,0,28
S02,36,Congruent,455.0,1,28
S02,37,Incongruent,586.7,1,28
S02,38,Congruent,418.6,1,28
S02,39,Incongruent,620.7,1,28
S02,40,Incongruent,596.4,1,28
S02,41,Congruent,430.5,1,28
S02,42,Incongruent,558.6,1,28
S02,43,Congruent,489.4,1,28
S02,44,Incongruent,483.3,1,28
S02,45,Incongruent,502.4,1,28
S02,46,Congruent,594.3,1,28
S02,47,Incongruent,570.7,1,28
S02,48,Congruent,463.4,1,28
S02,49,Incongruent,485.3,1,28
S02,50,Congruent,487.1,1,28
S02,51,Congruent,429.3,1,28
S02,52,Incongruent,481.5,1,28
S02,53,Incongruent,542.0,1,28
S02,54,Congruent,543.1,1,28
S02,55,Congruent,457.7,1,28
S02,56,Congruent,483.0,1,28
S02,57,Incongruent,653.4,1,28
S02,58,Congruent,468.8,1,28
S02,59,Congruent,498.3,1,28
S02,60,Incongruent,418.8,1,28
S02,61,Congruent,530.3,1,28
S02,62,Incongruent,618.0,1,28
S02,63,Congruent,417.2,1,28
S02,64,Incongruent,538.6,1,28
S02,65,Incongruent,462.2,1,28
S02,66,Incongruent,530.3,1,28
S02,67,Congruent,449.1,1,28
S02,68,Congruent,433.2,1,28
S02,69,Incongruent,605.8,1,28
S02,70,Incongruent,500.0,1,28
S02,71,Incongruent,484.7,1,28
S02,72,Congruent,420.4,1,28
S02,73,Incongruent,544.0,1,28
S02,74,Incongruent,508.8,1,28
S02,75,Incongruent,532.9,1,28
S02,76,Congruent,487.6,1,28
S02,77,Incongruent,522.4,0,28
S02,78,Congruent,520.4,1,28
S02,79,Incongruent,611.5,1,28
S02,80,Congruent,467.8,1,28
S02,81,Congruent,386.8,1,28
S02,82,Congruent,459.0,1,28
S02,83,Incongruent,480.9,1,28
S02,84,Incongruent,481.4,1,28
S02,85,Congruent,452.6,1,28
S02,86,Congruent,482.0,1,28
S02,87,Congruent,478.3,1,28
S02,88,Congruent,421.7,1,28
S02,89,Congruent,401.4,1,28
S02,90,Congruent,471.0,1,28
S02,91,Congruent,466.0,1,28
S02,92,Incongruent,412.0,1,28
S02,93,Congruent,430.9,1,28
S02,94,Congruent,469.0,1,28
S02,95,Congruent,459.1,1,28
S02,96,Congruent,455.7,1,28
S02,97,Congruent,487.9,1,28
S02,98,Incongruent,543.3,1,28
S02,99,Congruent,436.3,1,28
S02,100,Congruent,460.3,1,28
S03,1,Incongruent,537.5,1,32
S03,2,Congruent,564.6,1,32
S03,3,Incongruent,494.0,1,32
S03,4,Congruent,546.2,1,32
S03,5,Incongruent,568.4,1,32
S03,6,Incongruent,608.4,1,32
S03,7,Congruent,556.2,1,32
S03,8,Incongruent,547.0,1,32
S03,9,Incongruent,605.3,1,32
S03,10,Incongruent,582.1,1,32
S03,11,Congruent,433.7,1,32
S03,12,Incongruent,484.7,1,32
S03,13,Incongruent,612.6,1,32
S03,14,Incongruent,552.2,1,32
S03,15,Congruent,490.9,0,32
S03,16,Congruent,453.2,0,32
S03,17,Incongruent,589.2,1,32
S03,18,Incongruent,607.0,1,32
S03,19,Congruent,513.6,1,32
S03,20,Congruent,435.8,1,32
S03,21,Congruent,542.4,1,32
S03,22,Incongruent,530.3,0,32
S03,23,Incongruent,549.2,1,32
S03,24,Incongruent,572.0,1,32
S03,25,Congruent,525.1,1,32
S03,26,Incongruent,515.7,1,32
S03,27,Congruent,494.1,1,32
S03,28,Congruent,505.3,1,32
S03,29,Incongruent,579.1,1,32
S03,30,Congruent,535.5,1,32
S03,31,Incongruent,478.4,1,32
S03,32,Congruent,456.0,1,32
S03,33,Congruent,465.9,1,32
S03,34,Congruent,540.8,1,32
S03,35,Congruent,477.4,0,32
S03,36,Incongruent,573.5,0,32
S03,37,Congruent,390.8,1,32
S03,38,Congruent,531.2,1,32
S03,39,Congruent,468.9,1,32
S03,40,Congruent,509.4,1,32
S03,41,Incongruent,487.2,1,32
S03,42,Congruent,492.2,1,32
S03,43,Incongruent,605.4,1,32
S03,44,Incongruent,545.3,1,32
S03,45,Congruent,551.5,1,32
S03,46,Congruent,470.8,1,32
S03,47,Incongruent,564.3,1,32
S03,48,Congruent,535.6,1,32
S03,49,Incongruent,608.2,1,32
S03,50,Congruent,449.6,1,32
S03,51,Incongruent,511.4,0,32
S03,52,Incongruent,513.8,1,32
S03,53,Congruent,451.0,1,32
S03,54,Incongruent,543.9,1,32
S03,55,Congruent,565.3,1,32
S03,56,Incongruent,530.3,1,32
S03,57,Incongruent,578.6,1,32
S03,58,Congruent,403.2,1,32
S03,59,Incongruent,547.5,1,32
S03,60,Incongruent,593.0,1,32
S03,61,Congruent,383.1,1,32
S03,62,Congruent,448.1,1,32
S03,63,Incongruent,527.9,0,32
S03,64,Incongruent,583.5,1,32
S03,65,Incongruent,543.0,1,32
S03,66,Congruent,518.2,1,32
S03,67,Incongruent,529.6,1,32
S03,68,Congruent,501.5,1,32
S03,69,Congruent,460.0,1,32
S03,70,Incongruent,541.2,1,32
S03,71,Congruent,474.4,1,32
S03,72,Congruent,357.1,1,32
S03,73,Incongruent,496.2,1,32
S03,74,Incongruent,565.1,1,32
S03,75,Incongruent,588.9,1,32
S03,76,Congruent,447.9,1,32
S03,77,Congruent,480.6,1,32
S03,78,Congruent,529.9,1,32
S03,79,Incongruent,484.9,1,32
S03,80,Incongruent,573.1,1,32
S03,81,Incongruent,523.5,1,32
S03,82,Congruent,445.5,1,32
S03,83,Congruent,482.1,1,32
S03,84,Incongruent,541.0,1,32
S03,85,Congruent,452.1,1,32
S03,86,Congruent,456.1,1,32
S03,87,Congruent,515.1,1,32
S03,88,Congruent,457.7,1,32
S03,89,Congruent,512.5,1,32
S03,90,Incongruent,516.5,1,32
S03,91,Incongruent,534.0,0,32
S03,92,Congruent,487.7,1,32
S03,93,Congruent,462.7,1,32
S03,94,Incongruent,536.7,1,32
S03,95,Congruent,455.5,1,32
S03,96,Congruent,509.9,1,32
S03,97,Incongruent,525.1,1,32
S03,98,Incongruent,566.9,1,32
S03,99,Incongruent,532.8,1,32
S03,100,Incongruent,512.1,1,32
S04,1,Congruent,566.4,1,30
S04,2,Incongruent,758.5,1,30
S04,3,Congruent,624.2,1,30
S04,4,Congruent,594.0,1,30
S04,5,Congruent,606.8,1,30
S04,6,Congruent,629.9,0,30
S04,7,Congruent,675.2,1,30
S04,8,Congruent,611.6,1,30
S04,9,Incongruent,735.6,1,30
S04,10,Congruent,673.0,1,30
S04,11,Incongruent,623.5,1,30
S04,12,Incongruent,705.8,1,30
S04,13,Congruent,728.0,1,30
S04,14,Congruent,653.0,1,30
S04,15,Congruent,636.0,1,30
S04,16,Incongruent,632.7,1,30
S04,17,Congruent,730.3,1,30
S04,18,Incongruent,657.4,1,30
S04,19,Incongruent,714.0,1,30
S04,20,Incongruent,697.9,1,30
S04,21,Congruent,542.6,1,30
S04,22,Incongruent,684.0,1,30
S04,23,Incongruent,594.4,1,30
S04,24,Congruent,642.5,1,30
S04,25,Incongruent,668.0,1,30
S04,26,Incongruent,715.6,1,30
S04,27,Incongruent,686.6,1,30
S04,28,Congruent,649.0,1,30
S04,29,Incongruent,787.5,1,30
S04,30,Incongruent,714.0,1,30
S04,31,Incongruent,691.7,1,30
S04,32,Congruent,606.3,1,30
S04,33,Incongruent,698.8,1,30
S04,34,Congruent,676.0,1,30
S04,35,Incongruent,637.4,1,30
S04,36,Congruent,596.9,1,30
S04,37,Incongruent,618.1,1,30
S04,38,Incongruent,705.0,1,30
S04,39,Congruent,578.3,1,30
S04,40,Congruent,641.7,0,30
S04,41,Congruent,606.1,1,30
S04,42,Incongruent,670.8,1,30
S04,43,Congruent,552.2,0,30
S04,44,Incongruent,694.8,1,30
S04,45,Incongruent,613.1,1,30
S04,46,Incongruent,650.9,0,30
S04,47,Congruent,608.0,1,30
S04,48,Congruent,576.7,1,30
S04,49,Incongruent,575.6,1,30
S04,50,Incongruent,618.1,1,30
S04,51,Congruent,556.7,1,30
S04,52,Incongruent,710.4,1,30
S04,53,Incongruent,641.1,1,30
S04,54,Incongruent,672.1,1,30
S04,55,Congruent,527.6,1,30
S04,56,Incongruent,706.5,1,30
S04,57,Incongruent,685.5,1,30
S04,58,Incongruent,688.3,1,30
S04,59,Incongruent,701.3,1,30
S04,60,Congruent,609.0,1,30
S04,61,Congruent,514.8,1,30
S04,62,Incongruent,748.9,1,30
S04,63,Congruent,561.8,1,30
S04,64,Congruent,492.2,1,30
S04,65,Incongruent,630.8,1,30
S04,66,Incongruent,657.1,1,30
S04,67,Congruent,559.7,0,30
S04,68,Incongruent,538.6,1,30
S04,69,Congruent,558.7,1,30
S04,70,Congruent,597.6,1,30
S04,71,Incongruent,636.3,1,30
S04,72,Congruent,545.1,1,30
S04,73,Incongruent,638.1,1,30
S04,74,Congruent,561.6,1,30
S04,75,Incongruent,638.4,1,30
S04,76,Congruent,589.6,1,30
S04,77,Congruent,592.3,1,30
S04,78,Incongruent,713.2,1,30
S04,79,Incongruent,733.6,1,30
S04,80,Congruent,498.4,0,30
S04,81,Congruent,509.4,1,30
S04,82,Congruent,509.2,1,30
S04,83,Congruent,520.4,1,30
S04,84,Incongruent,548.3,0,30
S04,85,Incongruent,565.0,1,30
S04,86,Incongruent,713.8,1,30
S04,87,Incongruent,688.0,1,30
S04,88,Congruent,563.5,1,30
S04,89,Incongruent,646.6,1,30
S04,90,Incongruent,621.4,1,30
S04,91,Congruent,604.6,1,30
S04,92,Congruent,505.7,1,30
S04,93,Congruent,587.2,1,30
S04,94,Congruent,581.0,1,30
S04,95,Incongruent,654.8,1,30
S04,96,Congruent,637.0,1,30
S04,97,Congruent,546.7,1,30
S04,98,Congruent,476.9,1,30
S04,99,Congruent,578.1,1,30
S04,100,Incongruent,599.9,1,30
S05,1,Incongruent,653.1,1,29
S05,2,Incongruent,583.1,1,29
S05,3,Incongruent,534.0,1,29
S05,4,Incongruent,571.9,0,29
S05,5,Congruent,506.1,0,29
S05,6,Incongruent,635.1,1,29
S05,7,Incongruent,497.2,1,29
S05,8,Congruent,565.1,1,29
S05,9,Congruent,486.7,1,29
S05,10,Congruent,457.2,1,29
S05,11,Congruent,559.6,1,29
S05,12,Congruent,501.4,1,29
S05,13,Congruent,533.1,1,29
S05,14,Incongruent,623.7,1,29
S05,15,Incongruent,554.8,1,29
S05,16,Incongruent,663.9,1,29
S05,17,Incongruent,556.4,1,29
S05,18,Incongruent,533.2,0,29
S05,19,Congruent,544.2,1,29
S05,20,Incongruent,641.2,1,29
S05,21,Congruent,575.5,1,29
S05,22,Congruent,494.0,1,29
S05,23,Congruent,535.3,1,29
S05,24,Congruent,529.0,1,29
S05,25,Congruent,543.3,0,29
S05,26,Incongruent,575.0,1,29
S05,27,Incongruent,605.6,1,29
S05,28,Incongruent,609.9,0,29
S05,29,Incongruent,650.0,0,29
S05,30,Incongruent,610.3,1,29
S05,31,Incongruent,476.8,1,29
S05,32,Incongruent,545.0,1,29
S05,33,Incongruent,562.5,1,29
S05,34,Incongruent,587.6,0,29
S05,35,Incongruent,494.7,1,29
S05,36,Congruent,534.0,1,29
S05,37,Congruent,441.0,1,29
S05,38,Incongruent,601.5,1,29
S05,39,Incongruent,592.4,1,29
S05,40,Incongruent,432.1,1,29
S05,41,Congruent,429.0,0,29
S05,42,Incongruent,618.1,1,29
S05,43,Congruent,550.0,1,29
S05,44,Congruent,488.5,1,29
S05,45,Congruent,567.7,1,29
S05,46,Incongruent,597.1,0,29
S05,47,Congruent,465.5,1,29
S05,48,Incongruent,555.5,1,29
S05,49,Congruent,471.2,1,29
S05,50,Incongruent,603.0,1,29
S05,51,Congruent,485.4,1,29
S05,52,Incongruent,605.2,1,29
S05,53,Incongruent,583.7,1,29
S05,54,Congruent,473.1,0,29
S05,55,Congruent,515.4,1,29
S05,56,Congruent,511.9,1,29
S05,57,Congruent,521.8,1,29
S05,58,Incongruent,594.1,1,29
S05,59,Congruent,547.0,1,29
S05,60,Incongruent,580.4,1,29
S05,61,Incongruent,584.8,0,29
S05,62,Congruent,542.0,1,29
S05,63,Incongruent,601.9,1,29
S05,64,Incongruent,587.1,1,29
S05,65,Congruent,516.1,1,29
S05,66,Congruent,574.6,1,29
S05,67,Congruent,566.4,1,29
S05,68,Congruent,508.4,0,29
S05,69,Incongruent,451.7,1,29
S05,70,Congruent,484.1,1,29
S05,71,Incongruent,410.8,1,29
S05,72,Incongruent,603.4,0,29
S05,73,Congruent,440.1,1,29
S05,74,Incongruent,547.8,1,29
S05,75,Congruent,541.5,1,29
S05,76,Incongruent,523.6,1,29
S05,77,Incongruent,619.7,1,29
S05,78,Congruent,527.7,1,29
S05,79,Congruent,505.6,1,29
S05,80,Incongruent,576.5,1,29
S05,81,Congruent,459.1,1,29
S05,82,Congruent,497.3,1,29
S05,83,Congruent,503.0,1,29
S05,84,Congruent,407.8,1,29
S05,85,Incongruent,548.4,1,29
S05,86,Incongruent,535.8,1,29
S05,87,Congruent,540.7,1,29
S05,88,Congruent,436.9,1,29
S05,89,Incongruent,586.7,1,29
S05,90,Incongruent,597.6,1,29
S05,91,Incongruent,580.4,1,29
S05,92,Congruent,403.8,1,29
S05,93,Congruent,455.7,1,29
S05,94,Congruent,511.4,1,29
S05,95,Incongruent,526.6,1,29
S05,96,Congruent,525.6,1,29
S05,97,Congruent,445.7,1,29
S05,98,Incongruent,540.5,1,29
S05,99,Congruent,448.4,1,29
S05,100,Congruent,377.8,1,29
S06,1,Congruent,647.2,1,22
S06,2,Incongruent,659.7,1,22
S06,3,Congruent,633.4,1,22
S06,4,Congruent,594.0,1,22
S06,5,Congruent,610.5,1,22
S06,6,Congruent,485.6,1,22
S06,7,Congruent,642.6,1,22
S06,8,Incongruent,692.0,1,22
S06,9,Incongruent,762.7,1,22
S06,10,Congruent,616.8,1,22
S06,11,Congruent,680.9,1,22
S06,12,Congruent,575.5,1,22
S06,13,Congruent,625.2,1,22
S06,14,Congruent,538.1,1,22
S06,15,Incongruent,628.0,1,22
S06,16,Incongruent,714.8,1,22
S06,17,Incongruent,772.6,0,22
S06,18,Congruent,541.1,1,22
S06,19,Incongruent,659.0,1,22
S06,20,Congruent,609.4,1,22
S06,21,Incongruent,620.3,1,22
S06,22,Congruent,596.4,1,22
S06,23,Incongruent,574.7,1,22
S06,24,Incongruent,700.3,0,22
S06,25,Congruent,647.2,1,22
S06,26,Congruent,711.8,1,22
S06,27,Congruent,513.3,1,22
S06,28,Congruent,533.0,1,22
S06,29,Congruent,673.4,1,22
S06,30,Incongruent,705.3,1,22
S06,31,Congruent,589.3,1,22
S06,32,Incongruent,605.5,1,22
S06,33,Congruent,647.2,1,22
S06,34,Congruent,641.0,1,22
S06,35,Incongruent,655.8,1,22
S06,36,Congruent,583.5,1,22
S06,37,Incongruent,694.3,1,22
S06,38,Incongruent,612.7,1,22
S06,39,Incongruent,649.6,1,22
S06,40,Congruent,556.8,1,22
S06,41,Congruent,625.6,1,22
S06,42,Congruent,592.2,1,22
S06,43,Congruent,558.7,1,22
S06,44,Congruent,687.9,1,22
S06,45,Incongruent,602.0,1,22
S06,46,Congruent,523.1,1,22
S06,47,Incongruent,657.5,1,22
S06,48,Incongruent,657.7,1,22
S06,49,Incongruent,668.8,1,22
S06,50,Incongruent,634.7,1,22
S06,51,Congruent,631.2,1,22
S06,52,Congruent,548.8,1,22
S06,53,Incongruent,554.4,1,22
S06,54,Incongruent,664.7,1,22
S06,55,Incongruent,635.0,1,22
S06,56,Incongruent,630.4,1,22
S06,57,Incongruent,655.4,1,22
S06,58,Incongruent,623.2,1,22
S06,59,Congruent,583.0,0,22
S06,60,Incongruent,712.1,1,22
S06,61,Incongruent,698.3,1,22
S06,62,Congruent,622.4,1,22
S06,63,Incongruent,626.2,1,22
S06,64,Incongruent,635.5,1,22
S06,65,Congruent,604.5,1,22
S06,66,Incongruent,688.7,1,22
S06,67,Congruent,684.7,1,22
S06,68,Congruent,536.3,0,22
S06,69,Incongruent,613.7,1,22
S06,70,Congruent,596.2,1,22
S06,71,Incongruent,648.6,1,22
S06,72,Incongruent,615.9,1,22
S06,73,Congruent,571.5,1,22
S06,74,Incongruent,614.7,1,22
S06,75,Incongruent,641.9,1,22
S06,76,Incongruent,644.0,1,22
S06,77,Congruent,623.6,1,22
S06,78,Incongruent,662.9,1,22
S06,79,Congruent,546.2,1,22
S06,80,Congruent,543.1,1,22
S06,81,Congruent,594.1,0,22
S06,82,Congruent,599.8,1,22
S06,83,Congruent,497.0,1,22
S06,84,Incongruent,639.4,1,22
S06,85,Incongruent,695.7,0,22
S06,86,Incongruent,607.1,1,22
S06,87,Incongruent,638.1,1,22
S06,88,Congruent,573.7,1,22
S06,89,Incongruent,536.6,1,22
S06,90,Congruent,523.3,1,22
S06,91,Incongruent,670.6,1,22
S06,92,Congruent,624.3,1,22
S06,93,Incongruent,717.3,1,22
S06,94,Incongruent,666.7,0,22
S06,95,Congruent,465.5,1,22
S06,96,Incongruent,561.6,1,22
S06,97,Incongruent,624.4,1,22
S06,98,Congruent,587.6,1,22
S06,99,Incongruent,614.3,1,22
S06,100,Congruent,640.5,1,22
S07,1,Congruent,555.4,1,25
S07,2,Incongruent,587.1,1,25
S07,3,Congruent,479.6,0,25
S07,4,Congruent,488.7,1,25
S07,5,Incongruent,561.1,1,25
S07,6,Congruent,495.1,1,25
S07,7,Congruent,482.1,1,25
S07,8,Incongruent,498.8,1,25
S07,9,Congruent,353.4,1,25
S07,10,Congruent,464.1,1,25
S07,11,Incongruent,565.9,1,25
S07,12,Congruent,451.8,1,25
S07,13,Incongruent,576.5,0,25
S07,14,Incongruent,546.4,1,25
S07,15,Congruent,514.7,1,25
S07,16,Congruent,451.2,1,25
S07,17,Congruent,361.6,1,25
S07,18,Congruent,360.1,1,25
S07,19,Congruent,497.1,1,25
S07,20,Incongruent,467.9,1,25
S07,21,Incongruent,507.4,1,25
S07,22,Congruent,473.5,1,25
S07,23,Congruent,435.4,0,25
S07,24,Congruent,434.0,1,25
S07,25,Congruent,417.0,1,25
S07,26,Incongruent,581.2,1,25
S07,27,Congruent,399.1,1,25
S07,28,Incongruent,532.9,1,25
S07,29,Congruent,503.4,1,25
S07,30,Incongruent,539.1,1,25
S07,31,Congruent,451.6,1,25
S07,32,Incongruent,449.9,1,25
S07,33,Congruent,424.5,1,25
S07,34,Incongruent,503.4,1,25
S07,35,Incongruent,496.9,1,25
S07,36,Congruent,510.0,1,25
S07,37,Incongruent,553.3,1,25
S07,38,Incongruent,484.6,1,25
S07,39,Incongruent,555.0,1,25
S07,40,Congruent,421.6,1,25
S07,41,Incongruent,511.2,1,25
S07,42,Congruent,474.2,1,25
S07,43,Congruent,395.3,1,25
S07,44,Congruent,512.2,1,25
S07,45,Congruent,397.0,1,25
S07,46,Incongruent,441.7,0,25
S07,47,Incongruent,510.6,1,25
S07,48,Congruent,424.3,0,25
S07,49,Incongruent,478.4,1,25
S07,50,Congruent,432.4,1,25
S07,51,Congruent,485.1,1,25
S07,52,Incongruent,465.9,1,25
S07,53,Congruent,479.8,1,25
S07,54,Congruent,372.5,1,25
S07,55,Congruent,448.5,1,25
S07,56,Congruent,433.1,1,25
S07,57,Incongruent,524.4,1,25
S07,58,Incongruent,491.3,0,25
S07,59,Incongruent,488.2,1,25
S07,60,Incongruent,543.6,1,25
S07,61,Incongruent,572.9,1,25
S07,62,Congruent,546.3,1,25
S07,63,Incongruent,528.1,1,25
S07,64,Incongruent,483.4,1,25
S07,65,Incongruent,529.5,1,25
S07,66,Incongruent,541.9,1,25
S07,67,Incongruent,487.3,1,25
S07,68,Congruent,592.7,1,25
S07,69,Incongruent,504.8,1,25
S07,70,Incongruent,540.4,1,25
S07,71,Congruent,462.7,1,25
S07,72,Congruent,430.5,1,25
S07,73,Congruent,473.8,1,25
S07,74,Congruent,449.9,1,25
S07,75,Congruent,470.3,1,25
S07,76,Congruent,427.4,0,25
S07,77,Incongruent,519.9,1,25
S07,78,Incongruent,458.2,0,25
S07,79,Incongruent,573.4,1,25
S07,80,Incongruent,560.9,1,25
S07,81,Incongruent,469.6,1,25
S07,82,Congruent,447.9,1,25
S07,83,Incongruent,432.7,1,25
S07,84,Congruent,421.5,1,25
S07,85,Incongruent,449.2,1,25
S07,86,Incongruent,539.1,1,25
S07,87,Incongruent,474.7,1,25
S07,88,Congruent,409.3,1,25
S07,89,Congruent,389.3,1,25
S07,90,Incongruent,453.0,1,25
S07,91,Congruent,463.8,1,25
S07,92,Incongruent,497.7,0,25
S07,93,Congruent,465.1,1,25
S07,94,Incongruent,470.6,1,25
S07,95,Incongruent,478.7,1,25
S07,96,Congruent,445.8,1,25
S07,97,Incongruent,468.7,1,25
S07,98,Incongruent,529.0,1,25
S07,99,Congruent,393.5,1,25
S07,100,Incongruent,520.8,1,25
S08,1,Congruent,571.7,1,38
S08,2,Congruent,606.3,1,38
S08,3,Congruent,539.4,0,38
S08,4,Congruent,602.3,0,38
S08,5,Congruent,601.7,1,38
S08,6,Congruent,529.1,1,38
S08,7,Incongruent,611.0,1,38
S08,8,Congruent,604.7,1,38
S08,9,Congruent,553.4,1,38
S08,10,Incongruent,674.7,1,38
S08,11,Congruent,623.7,1,38
S08,12,Congruent,608.6,1,38
S08,13,Incongruent,650.7,1,38
S08,14,Incongruent,668.7,1,38
S08,15,Incongruent,598.0,1,38
S08,16,Congruent,649.3,1,38
S08,17,Congruent,621.2,1,38
S08,18,Incongruent,708.7,1,38
S08,19,Congruent,641.3,0,38
S08,20,Incongruent,558.3,1,38
S08,21,Incongruent,658.7,1,38
S08,22,Incongruent,692.7,0,38
S08,23,Congruent,545.4,1,38
S08,24,Congruent,519.1,1,38
S08,25,Congruent,536.9,1,38
S08,26,Congruent,579.2,1,38
S08,27,Congruent,530.0,1,38
S08,28,Incongruent,692.4,1,38
S08,29,Congruent,609.1,1,38
S08,30,Incongruent,709.8,0,38
S08,31,Incongruent,634.6,1,38
S08,32,Congruent,558.0,1,38
S08,33,Congruent,635.1,1,38
S08,34,Incongruent,612.2,1,38
S08,35,Congruent,577.2,0,38
S08,36,Congruent,600.7,1,38
S08,37,Incongruent,600.4,1,38
S08,38,Incongruent,707.4,1,38
S08,39,Congruent,625.8,1,38
S08,40,Incongruent,645.1,1,38
S08,41,Incongruent,669.5,1,38
S08,42,Congruent,491.9,1,38
S08,43,Congruent,605.1,1,38
S08,44,Congruent,589.2,1,38
S08,45,Incongruent,665.0,1,38
S08,46,Congruent,543.5,1,38
S08,47,Incongruent,681.5,1,38
S08,48,Congruent,622.9,1,38
S08,49,Incongruent,618.2,1,38
S08,50,Congruent,587.2,1,38
S08,51,Incongruent,685.5,1,38
S08,52,Congruent,505.7,1,38
S08,53,Incongruent,569.2,1,38
S08,54,Congruent,541.8,1,38
S08,55,Incongruent,659.7,1,38
S08,56,Incongruent,708.9,1,38
S08,57,Incongruent,604.9,1,38
S08,58,Incongruent,622.7,1,38
S08,59,Congruent,511.2,1,38
S08,60,Incongruent,551.3,1,38
S08,61,Incongruent,561.1,1,38
S08,62,Congruent,583.2,1,38
S08,63,Congruent,620.4,1,38
S08,64,Congruent,462.8,1,38
S08,65,Congruent,497.1,1,38
S08,66,Congruent,550.7,1,38
S08,67,Incongruent,576.7,1,38
S08,68,Incongruent,592.9,0,38
S08,69,Incongruent,645.6,1,38
S08,70,Incongruent,567.8,1,38
S08,71,Incongruent,678.1,1,38
S08,72,Incongruent,608.7,1,38
S08,73,Incongruent,653.7,1,38
S08,74,Incongruent,699.5,1,38
S08,75,Congruent,503.7,1,38
S08,76,Incongruent,608.2,1,38
S08,77,Congruent,452.4,1,38
S08,78,Congruent,548.4,1,38
S08,79,Congruent,498.8,1,38
S08,80,Incongruent,656.3,1,38
S08,81,Congruent,503.2,1,38
S08,82,Congruent,499.7,1,38
S08,83,Incongruent,631.4,1,38
S08,84,Congruent,530.3,1,38
S08,85,Congruent,537.2,1,38
S08,86,Congruent,610.7,1,38
S08,87,Incongruent,570.1,1,38
S08,88,Incongruent,555.8,1,38
S08,89,Incongruent,603.3,1,38
S08,90,Incongruent,608.3,1,38
S08,91,Incongruent,588.8,1,38
S08,92,Incongruent,567.8,1,38
S08,93,Incongruent,479.9,0,38
S08,94,Congruent,546.4,1,38
S08,95,Incongruent,608.7,1,38
S08,96,Incongruent,628.3,1,38
S08,97,Incongruent,626.9,1,38
S08,98,Congruent,547.5,0,38
S08,99,Congruent,564.7,1,38
S08,100,Incongruent,425.1,1,38
S09,1,Incongruent,651.9,1,36
S09,2,Incongruent,638.8,1,36
S09,3,Congruent,622.9,1,36
S09,4,Congruent,585.9,1,36
S09,5,Congruent,643.8,1,36
S09,6,Incongruent,645.8,1,36
S09,7,Congruent,524.1,1,36
S09,8,Incongruent,570.2,1,36
S09,9,Congruent,596.3,1,36
S09,10,Incongruent,724.1,0,36
S09,11,Congruent,525.3,1,36
S09,12,Congruent,580.6,1,36
S09,13,Incongruent,699.9,0,36
S09,14,Incongruent,627.4,1,36
S09,15,Incongruent,639.7,0,36
S09,16,Congruent,565.2,1,36
S09,17,Congruent,548.9,0,36
S09,18,Congruent,574.3,1,36
S09,19,Congruent,611.3,1,36
S09,20,Incongruent,691.6,1,36
S09,21,Incongruent,597.3,1,36
S09,22,Incongruent,662.8,1,36
S09,23,Congruent,610.8,1,36
S09,24,Congruent,537.8,1,36
S09,25,Congruent,638.8,1,36
S09,26,Incongruent,595.5,1,36
S09,27,Congruent,469.5,1,36
S09,28,Incongruent,648.5,1,36
S09,29,Incongruent,693.9,1,36
S09,30,Congruent,473.7,1,36
S09,31,Congruent,585.1,1,36
S09,32,Incongruent,699.5,1,36
S09,33,Incongruent,632.7,1,36
S09,34,Incongruent,643.3,1,36
S09,35,Congruent,614.9,1,36
S09,36,Congruent,585.5,1,36
S09,37,Congruent,615.1,1,36
S09,38,Congruent,541.5,1,36
S09,39,Congruent,536.5,1,36
S09,40,Congruent,581.1,1,36
S09,41,Incongruent,712.4,1,36
S09,42,Congruent,643.1,1,36
S09,43,Incongruent,711.9,1,36
S09,44,Incongruent,659.6,1,36
S09,45,Congruent,626.1,1,36
S09,46,Congruent,566.7,1,36
S09,47,Congruent,526.5,1,36
S09,48,Incongruent,633.8,1,36
S09,49,Congruent,550.7,1,36
S09,50,Congruent,620.8,1,36
S09,51,Congruent,577.2,1,36
S09,52,Incongruent,607.0,1,36
S09,53,Congruent,617.5,1,36
S09,54,Incongruent,655.6,1,36
S09,55,Incongruent,652.8,0,36
S09,56,Incongruent,618.6,1,36
S09,57,Incongruent,630.5,0,36
S09,58,Incongruent,624.1,1,36
S09,59,Congruent,562.6,1,36
S09,60,Congruent,570.7,1,36
S09,61,Incongruent,625.0,1,36
S09,62,Incongruent,559.8,1,36
S09,63,Congruent,523.9,1,36
S09,64,Congruent,568.1,1,36
S09,65,Congruent,505.4,1,36
S09,66,Congruent,618.2,1,36
S09,67,Congruent,494.9,1,36
S09,68,Incongruent,686.8,1,36
S09,69,Incongruent,523.1,1,36
S09,70,Incongruent,640.2,1,36
S09,71,Incongruent,634.9,1,36
S09,72,Congruent,636.2,1,36
S09,73,Congruent,530.6,1,36
S09,74,Incongruent,597.1,1,36
S09,75,Congruent,528.8,1,36
S09,76,Incongruent,680.1,1,36
S09,77,Incongruent,595.4,1,36
S09,78,Congruent,636.7,1,36
S09,79,Incongruent,628.9,1,36
S09,80,Incongruent,489.6,1,36
S09,81,Congruent,571.3,1,36
S09,82,Congruent,608.0,1,36
S09,83,Incongruent,604.9,1,36
S09,84,Incongruent,609.7,1,36
S09,85,Incongruent,640.7,1,36
S09,86,Incongruent,591.2,1,36
S09,87,Incongruent,598.3,1,36
S09,88,Incongruent,674.1,1,36
S09,89,Congruent,510.7,1,36
S09,90,Incongruent,676.3,1,36
S09,91,Incongruent,616.0,1,36
S09,92,Congruent,504.2,1,36
S09,93,Incongruent,570.7,1,36
S09,94,Congruent,539.8,1,36
S09,95,Congruent,594.4,1,36
S09,96,Congruent,643.6,1,36
S09,97,Incongruent,610.4,1,36
S09,98,Congruent,542.8,1,36
S09,99,Incongruent,639.5,1,36
S09,100,Incongruent,657.6,1,36
S10,1,Incongruent,493.8,1,30
S10,2,Congruent,526.5,1,30
S10,3,Incongruent,631.2,1,30
S10,4,Incongruent,579.0,1,30
S10,5,Congruent,524.5,1,30
S10,6,Congruent,520.2,1,30
S10,7,Incongruent,653.0,1,30
S10,8,Congruent,505.3,0,30
S10,9,Incongruent,578.4,1,30
S10,10,Congruent,535.4,1,30
S10,11,Congruent,538.3,1,30
S10,12,Congruent,549.7,1,30
S10,13,Congruent,556.4,1,30
S10,14,Congruent,499.6,1,30
S10,15,Congruent,519.4,1,30
S10,16,Incongruent,570.6,1,30
S10,17,Congruent,556.1,1,30
S10,18,Congruent,597.0,1,30
S10,19,Congruent,579.4,1,30
S10,20,Incongruent,570.7,0,30
S10,21,Incongruent,591.8,1,30
S10,22,Incongruent,504.5,1,30
S10,23,Incongruent,615.7,1,30
S10,24,Congruent,513.9,1,30
S10,25,Incongruent,507.3,1,30
S10,26,Incongruent,651.4,1,30
S10,27,Congruent,452.0,1,30
S10,28,Incongruent,595.4,1,30
S10,29,Congruent,554.3,1,30
S10,30,Incongruent,519.3,1,30
S10,31,Congruent,594.3,1,30
S10,32,Congruent,519.3,1,30
S10,33,Incongruent,580.8,1,30
S10,34,Incongruent,543.2,1,30
S10,35,Congruent,436.0,1,30
S10,36,Incongruent,526.0,1,30
S10,37,Congruent,491.1,1,30
S10,38,Congruent,489.3,1,30
S10,39,Incongruent,503.8,1,30
S10,40,Incongruent,530.8,1,30
S10,41,Incongruent,571.7,1,30
S10,42,Incongruent,546.2,0,30
S10,43,Incongruent,539.1,0,30
S10,44,Incongruent,605.7,1,30
S10,45,Incongruent,531.0,1,30
S10,46,Congruent,474.2,1,30
S10,47,Incongruent,594.4,1,30
S10,48,Congruent,520.8,1,30
S10,49,Congruent,539.6,1,30
S10,50,Incongruent,605.6,1,30
S10,51,Incongruent,549.3,1,30
S10,52,Congruent,486.5,1,30
S10,53,Incongruent,635.7,1,30
S10,54,Incongruent,542.5,1,30
S10,55,Congruent,508.0,1,30
S10,56,Congruent,522.4,1,30
S10,57,Incongruent,523.5,1,30
S10,58,Incongruent,583.1,1,30
S10,59,Incongruent,598.8,1,30
S10,60,Incongruent,604.5,1,30
S10,61,Incongruent,514.1,1,30
S10,62,Congruent,525.4,1,30
S10,63,Congruent,450.8,1,30
S10,64,Congruent,405.8,0,30
S10,65,Incongruent,536.6,1,30
S10,66,Congruent,479.6,1,30
S10,67,Incongruent,526.9,1,30
S10,68,Congruent,589.9,1,30
S10,69,Congruent,526.4,1,30
S10,70,Congruent,593.8,1,30
S10,71,Congruent,526.0,1,30
S10,72,Congruent,533.1,1,30
S10,73,Congruent,563.1,1,30
S10,74,Congruent,551.0,1,30
S10,75,Incongruent,533.9,1,30
S10,76,Congruent,601.2,1,30
S10,77,Congruent,547.5,1,30
S10,78,Incongruent,680.3,1,30
S10,79,Congruent,419.6,1,30
S10,80,Incongruent,568.2,1,30
S10,81,Congruent,508.5,1,30
S10,82,Incongruent,601.6,0,30
S10,83,Congruent,435.5,1,30
S10,84,Congruent,444.9,1,30
S10,85,Congruent,511.9,1,30
S10,86,Incongruent,566.5,1,30
S10,87,Incongruent,576.4,1,30
S10,88,Congruent,493.9,1,30
S10,89,Incongruent,618.4,1,30
S10,90,Incongruent,569.8,1,30
S10,91,Incongruent,501.3,1,30
S10,92,Congruent,565.9,1,30
S10,93,Incongruent,541.7,1,30
S10,94,Congruent,493.3,1,30
S10,95,Incongruent,497.3,1,30
S10,96,Incongruent,541.0,1,30
S10,97,Congruent,588.9,1,30
S10,98,Incongruent,607.5,1,30
S10,99,Incongruent,578.4,1,30
S10,100,Congruent,518.8,1,30
S11,1,Congruent,579.7,1,31
S11,2,Congruent,570.6,1,31
S11,3,Congruent,572.4,1,31
S11,4,Congruent,587.9,1,31
S11,5,Congruent,520.3,1,31
S11,6,Congruent,584.7,1,31
S11,7,Incongruent,570.4,1,31
S11,8,Congruent,604.9,0,31
S11,9,Incongruent,689.9,1,31
S11,10,Congruent,582.1,1,31
S11,11,Incongruent,664.7,0,31
S11,12,Incongruent,606.9,1,31
S11,13,Incongruent,554.6,1,31
S11,14,Congruent,550.0,0,31
S11,15,Incongruent,648.1,1,31
S11,16,Congruent,535.8,1,31
S11,17,Congruent,501.4,1,31
S11,18,Incongruent,581.6,1,31
S11,19,Congruent,565.6,1,31
S11,20,Incongruent,644.7,1,31
S11,21,Incongruent,603.7,0,31
S11,22,Incongruent,592.0,1,31
S11,23,Incongruent,654.1,1,31
S11,24,Incongruent,605.4,1,31
S11,25,Congruent,594.4,1,31
S11,26,Incongruent,652.0,1,31
S11,27,Incongruent,626.5,0,31
S11,28,Incongruent,713.5,1,31
S11,29,Incongruent,584.2,1,31
S11,30,Congruent,553.2,1,31
S11,31,Incongruent,673.5,1,31
S11,32,Incongruent,680.9,1,31
S11,33,Congruent,591.6,1,31
S11,34,Incongruent,672.6,1,31
S11,35,Incongruent,685.3,1,31
S11,36,Congruent,589.1,1,31
S11,37,Congruent,546.3,1,31
S11,38,Incongruent,601.1,1,31
S11,39,Congruent,681.8,1,31
S11,40,Congruent,558.4,1,31
S11,41,Congruent,534.2,1,31
S11,42,Congruent,542.4,1,31
S11,43,Congruent,632.2,1,31
S11,44,Congruent,517.3,1,31
S11,45,Incongruent,625.1,1,31
S11,46,Congruent,437.8,1,31
S11,47,Incongruent,657.9,1,31
S11,48,Incongruent,653.7,1,31
S11,49,Incongruent,642.3,1,31
S11,50,Incongruent,570.5,1,31
S11,51,Incongruent,551.3,1,31
S11,52,Congruent,532.4,1,31
S11,53,Congruent,593.3,1,31
S11,54,Congruent,534.3,1,31
S11,55,Congruent,563.6,1,31
S11,56,Incongruent,537.9,1,31
S11,57,Congruent,545.2,1,31
S11,58,Congruent,579.0,1,31
S11,59,Incongruent,590.1,1,31
S11,60,Incongruent,569.9,1,31
S11,61,Congruent,502.9,1,31
S11,62,Incongruent,648.3,1,31
S11,63,Congruent,610.4,1,31
S11,64,Congruent,516.6,1,31
S11,65,Incongruent,607.1,0,31
S11,66,Incongruent,684.8,1,31
S11,67,Congruent,584.5,1,31
S11,68,Incongruent,568.1,1,31
S11,69,Congruent,501.1,0,31
S11,70,Congruent,597.5,1,31
S11,71,Incongruent,536.5,1,31
S11,72,Congruent,502.7,1,31
S11,73,Congruent,511.1,1,31
S11,74,Congruent,623.3,1,31
S11,75,Congruent,512.5,1,31
S11,76,Incongruent,633.0,1,31
S11,77,Congruent,519.0,1,31
S11,78,Congruent,531.1,1,31
S11,79,Incongruent,531.8,0,31
S11,80,Congruent,553.6,1,31
S11,81,Incongruent,573.7,1,31
S11,82,Incongruent,622.6,0,31
S11,83,Incongruent,615.6,0,31
S11,84,Congruent,485.8,0,31
S11,85,Congruent,493.8,1,31
S11,86,Congruent,472.5,1,31
S11,87,Incongruent,576.4,1,31
S11,88,Incongruent,643.4,1,31
S11,89,Incongruent,608.8,1,31
S11,90,Congruent,447.0,1,31
S11,91,Congruent,514.6,1,31
S11,92,Incongruent,527.6,1,31
S11,93,Congruent,519.1,1,31
S11,94,Incongruent,642.6,1,31
S11,95,Incongruent,530.9,1,31
S11,96,Incongruent,680.2,1,31
S11,97,Incongruent,568.2,1,31
S11,98,Incongruent,559.1,1,31
S11,99,Incongruent,497.0,1,31
S11,100,Congruent,508.6,1,31
S12,1,Incongruent,704.6,1,40
S12,2,Congruent,692.7,1,40
S12,3,Congruent,673.0,1,40
S12,4,Incongruent,613.8,1,40
S12,5,Incongruent,800.1,1,40
S12,6,Incongruent,734.9,1,40
S12,7,Incongruent,786.0,0,40
S12,8,Incongruent,683.6,1,40
S12,9,Congruent,624.1,1,40
S12,10,Congruent,665.6,1,40
S12,11,Congruent,666.4,1,40
S12,12,Congruent,622.3,1,40
S12,13,Incongruent,708.2,1,40
S12,14,Incongruent,698.3,1,40
S12,15,Congruent,644.1,1,40
S12,16,Incongruent,768.9,1,40
S12,17,Congruent,611.1,1,40
S12,18,Incongruent,717.2,1,40
S12,19,Incongruent,605.6,1,40
S12,20,Congruent,591.9,1,40
S12,21,Congruent,657.6,1,40
S12,22,Incongruent,829.6,1,40
S12,23,Congruent,754.1,0,40
S12,24,Incongruent,736.8,1,40
S12,25,Incongruent,708.6,1,40
S12,26,Congruent,629.7,1,40
S12,27,Congruent,603.3,1,40
S12,28,Congruent,684.2,1,40
S12,29,Congruent,653.0,1,40
S12,30,Incongruent,646.3,1,40
S12,31,Incongruent,671.8,1,40
S12,32,Congruent,696.8,1,40
S12,33,Congruent,686.8,1,40
S12,34,Incongruent,728.3,1,40
S12,35,Incongruent,738.4,1,40
S12,36,Congruent,623.1,1,40
S12,37,Incongruent,765.6,1,40
S12,38,Incongruent,784.9,1,40
S12,39,Congruent,636.4,1,40
S12,40,Congruent,629.8,1,40
S12,41,Congruent,624.7,1,40
S12,42,Congruent,588.0,1,40
S12,43,Congruent,616.0,1,40
S12,44,Incongruent,794.1,1,40
S12,45,Congruent,656.8,1,40
S12,46,Congruent,562.6,1,40
S12,47,Incongruent,651.1,1,40
S12,48,Congruent,662.9,1,40
S12,49,Incongruent,630.2,1,40
S12,50,Congruent,629.2,1,40
S12,51,Incongruent,680.4,0,40
S12,52,Congruent,525.4,1,40
S12,53,Incongruent,689.8,1,40
S12,54,Congruent,622.2,1,40
S12,55,Incongruent,623.6,1,40
S12,56,Congruent,602.2,1,40
S12,57,Congruent,626.0,1,40
S12,58,Incongruent,752.5,1,40
S12,59,Incongruent,749.2,1,40
S12,60,Incongruent,744.7,0,40
S12,61,Congruent,675.6,1,40
S12,62,Congruent,654.1,1,40
S12,63,Congruent,563.7,1,40
S12,64,Congruent,560.2,1,40
S12,65,Congruent,606.2,1,40
S12,66,Incongruent,745.6,1,40
S12,67,Incongruent,716.3,1,40
S12,68,Congruent,592.1,1,40
S12,69,Incongruent,652.6,1,40
S12,70,Incongruent,719.9,1,40
S12,71,Congruent,648.2,1,40
S12,72,Congruent,626.5,1,40
S12,73,Congruent,595.1,1,40
S12,74,Incongruent,667.6,1,40
S12,75,Incongruent,764.8,1,40
S12,76,Incongruent,679.3,1,40
S12,77,Congruent,560.8,1,40
S12,78,Incongruent,782.7,1,40
S12,79,Congruent,603.1,1,40
S12,80,Incongruent,711.6,1,40
S12,81,Incongruent,635.4,1,40
S12,82,Congruent,621.6,1,40
S12,83,Incongruent,611.2,1,40
S12,84,Incongruent,648.0,1,40
S12,85,Congruent,600.6,1,40
S12,86,Congruent,679.5,1,40
S12,87,Incongruent,664.8,1,40
S12,88,Incongruent,651.0,1,40
S12,89,Incongruent,602.5,0,40
S12,90,Congruent,609.7,0,40
S12,91,Congruent,644.6,1,40
S12,92,Incongruent,684.0,1,40
S12,93,Congruent,678.3,1,40
S12,94,Incongruent,678.3,1,40
S12,95,Incongruent,657.9,1,40
S12,96,Congruent,610.5,1,40
S12,97,Incongruent,600.4,0,40
S12,98,Congruent,638.4,1,40
S12,99,Incongruent,703.9,1,40
S12,100,Incongruent,648.4,1,40
S13,1,Congruent,367.0,1,23
S13,2,Congruent,451.3,1,23
S13,3,Incongruent,513.4,1,23
S13,4,Congruent,574.9,1,23
S13,5,Incongruent,546.0,1,23
S13,6,Incongruent,594.7,1,23
S13,7,Incongruent,502.9,0,23
S13,8,Incongruent,581.3,1,23
S13,9,Incongruent,523.7,1,23
S13,10,Incongruent,558.0,1,23
S13,11,Incongruent,580.4,1,23
S13,12,Incongruent,563.5,1,23
S13,13,Congruent,535.0,1,23
S13,14,Congruent,504.6,1,23
S13,15,Incongruent,587.9,1,23
S13,16,Incongruent,555.9,1,23
S13,17,Congruent,549.3,0,23
S13,18,Congruent,423.4,1,23
S13,19,Congruent,504.7,1,23
S13,20,Incongruent,574.6,1,23
S13,21,Incongruent,586.2,1,23
S13,22,Incongruent,537.9,0,23
S13,23,Incongruent,600.2,1,23
S13,24,Incongruent,540.2,1,23
S13,25,Congruent,581.1,1,23
S13,26,Incongruent,548.0,1,23
S13,27,Incongruent,538.7,1,23
S13,28,Incongruent,599.0,1,23
S13,29,Congruent,467.2,1,23
S13,30,Congruent,465.5,1,23
S13,31,Congruent,522.9,1,23
S13,32,Incongruent,541.0,0,23
S13,33,Incongruent,579.2,1,23
S13,34,Congruent,476.6,1,23
S13,35,Congruent,471.9,1,23
S13,36,Incongruent,544.1,1,23
S13,37,Congruent,490.5,1,23
S13,38,Congruent,520.5,1,23
S13,39,Congruent,435.3,1,23
S13,40,Congruent,506.9,1,23
S13,41,Incongruent,556.1,1,23
S13,42,Incongruent,562.2,1,23
S13,43,Congruent,493.6,1,23
S13,44,Congruent,450.0,1,23
S13,45,Congruent,495.5,1,23
S13,46,Incongruent,499.8,1,23
S13,47,Incongruent,498.9,0,23
S13,48,Congruent,528.2,1,23
S13,49,Congruent,526.6,1,23
S13,50,Incongruent,554.8,1,23
S13,51,Incongruent,539.1,0,23
S13,52,Incongruent,605.8,1,23
S13,53,Incongruent,516.3,0,23
S13,54,Congruent,430.6,1,23
S13,55,Congruent,435.2,1,23
S13,56,Incongruent,573.9,1,23
S13,57,Incongruent,538.9,1,23
S13,58,Congruent,530.5,1,23
S13,59,Incongruent,484.7,1,23
S13,60,Congruent,477.3,1,23
S13,61,Congruent,471.2,1,23
S13,62,Congruent,455.5,1,23
S13,63,Congruent,431.8,1,23
S13,64,Congruent,454.2,1,23
S13,65,Congruent,394.9,1,23
S13,66,Congruent,429.0,1,23
S13,67,Congruent,477.6,1,23
S13,68,Congruent,478.2,1,23
S13,69,Incongruent,560.0,1,23
S13,70,Congruent,515.0,1,23
S13,71,Incongruent,463.2,0,23
S13,72,Incongruent,494.4,1,23
S13,73,Incongruent,558.7,1,23
S13,74,Incongruent,563.4,0,23
S13,75,Incongruent,526.7,1,23
S13,76,Congruent,432.0,1,23
S13,77,Congruent,397.4,1,23
S13,78,Congruent,419.0,1,23
S13,79,Congruent,445.7,1,23
S13,80,Incongruent,546.5,1,23
S13,81,Congruent,355.4,1,23
S13,82,Incongruent,531.1,1,23
S13,83,Congruent,432.2,1,23
S13,84,Incongruent,488.8,1,23
S13,85,Incongruent,473.0,1,23
S13,86,Incongruent,469.3,1,23
S13,87,Incongruent,561.3,1,23
S13,88,Incongruent,589.7,1,23
S13,89,Incongruent,507.0,1,23
S13,90,Congruent,496.0,1,23
S13,91,Congruent,410.2,1,23
S13,92,Congruent,470.2,1,23
S13,93,Congruent,380.8,1,23
S13,94,Incongruent,519.8,1,23
S13,95,Congruent,385.1,1,23
S13,96,Congruent,422.6,1,23
S13,97,Incongruent,497.9,0,23
S13,98,Congruent,464.1,1,23
S13,99,Congruent,450.4,1,23
S13,100,Incongruent,459.5,1,23
S14,1,Incongruent,606.7,1,39
S14,2,Congruent,516.2,1,39
S14,3,Incongruent,569.4,1,39
S14,4,Incongruent,650.7,0,39
S14,5,Congruent,528.4,1,39
S14,6,Congruent,505.0,1,39
S14,7,Congruent,509.9,1,39
S14,8,Congruent,598.9,1,39
S14,9,Congruent,497.6,0,39
S14,10,Incongruent,649.8,0,39
S14,11,Incongruent,621.5,1,39
S14,12,Congruent,581.0,1,39
S14,13,Incongruent,700.8,1,39
S14,14,Incongruent,680.9,1,39
S14,15,Congruent,563.6,1,39
S14,16,Congruent,546.5,1,39
S14,17,Incongruent,594.5,1,39
S14,18,Congruent,521.3,1,39
S14,19,Incongruent,618.9,1,39
S14,20,Incongruent,617.3,0,39
S14,21,Congruent,495.8,1,39
S14,22,Incongruent,580.0,1,39
S14,23,Congruent,578.7,1,39
S14,24,Congruent,511.5,1,39
S14,25,Incongruent,648.1,1,39
S14,26,Congruent,494.8,1,39
S14,27,Incongruent,603.4,1,39
S14,28,Congruent,554.5,1,39
S14,29,Incongruent,612.4,0,39
S14,30,Incongruent,601.9,1,39
S14,31,Incongruent,657.2,1,39
S14,32,Congruent,562.7,1,39
S14,33,Incongruent,609.5,1,39
S14,34,Congruent,602.1,1,39
S14,35,Congruent,576.2,1,39
S14,36,Incongruent,536.5,1,39
S14,37,Congruent,516.6,1,39
S14,38,Incongruent,701.0,1,39
S14,39,Congruent,531.9,1,39
S14,40,Incongruent,568.0,1,39
S14,41,Incongruent,544.7,1,39
S14,42,Congruent,507.5,1,39
S14,43,Incongruent,680.6,1,39
S14,44,Incongruent,628.9,0,39
S14,45,Congruent,535.8,1,39
S14,46,Incongruent,663.8,1,39
S14,47,Incongruent,598.0,1,39
S14,48,Congruent,461.6,1,39
S14,49,Congruent,587.4,1,39
S14,50,Congruent,621.6,1,39
S14,51,Congruent,457.0,1,39
S14,52,Incongruent,625.6,1,39
S14,53,Incongruent,575.3,0,39
S14,54,Congruent,501.4,1,39
S14,55,Congruent,496.3,1,39
S14,56,Congruent,507.5,1,39
S14,57,Incongruent,507.2,1,39
S14,58,Congruent,528.7,1,39
S14,59,Congruent,556.8,1,39
S14,60,Incongruent,565.8,1,39
S14,61,Congruent,487.5,1,39
S14,62,Congruent,584.4,1,39
S14,63,Congruent,426.6,1,39
S14,64,Incongruent,577.1,1,39
S14,65,Congruent,510.6,1,39
S14,66,Incongruent,597.7,1,39
S14,67,Congruent,501.1,1,39
S14,68,Congruent,568.1,0,39
S14,69,Congruent,520.9,1,39
S14,70,Congruent,632.6,1,39
S14,71,Congruent,506.5,1,39
S14,72,Congruent,538.5,1,39
S14,73,Congruent,577.3,1,39
S14,74,Congruent,494.1,1,39
S14,75,Incongruent,651.2,0,39
S14,76,Incongruent,584.2,1,39
S14,77,Incongruent,593.7,1,39
S14,78,Incongruent,551.9,1,39
S14,79,Incongruent,534.2,1,39
S14,80,Congruent,454.7,1,39
S14,81,Incongruent,669.1,1,39
S14,82,Incongruent,567.8,1,39
S14,83,Incongruent,598.0,1,39
S14,84,Congruent,532.1,1,39
S14,85,Incongruent,575.4,1,39
S14,86,Congruent,523.8,1,39
S14,87,Incongruent,517.7,1,39
S14,88,Congruent,493.7,1,39
S14,89,Congruent,505.6,1,39
S14,90,Congruent,528.5,1,39
S14,91,Incongruent,485.9,1,39
S14,92,Incongruent,632.9,1,39
S14,93,Incongruent,555.2,1,39
S14,94,Incongruent,510.9,1,39
S14,95,Incongruent,501.5,1,39
S14,96,Incongruent,653.4,1,39
S14,97,Incongruent,657.1,1,39
S14,98,Incongruent,563.0,1,39
S14,99,Incongruent,572.5,1,39
S14,100,Congruent,519.8,1,39
S15,1,Congruent,494.6,1,35
S15,2,Congruent,505.0,1,35
S15,3,Incongruent,449.2,0,35
S15,4,Incongruent,500.4,1,35
S15,5,Incongruent,566.6,1,35
S15,6,Congruent,466.0,0,35
S15,7,Congruent,559.3,1,35
S15,8,Congruent,540.6,1,35
S15,9,Incongruent,531.8,1,35
S15,10,Congruent,363.9,0,35
S15,11,Congruent,455.9,1,35
S15,12,Congruent,395.5,0,35
S15,13,Incongruent,524.9,1,35
S15,14,Incongruent,457.1,1,35
S15,15,Congruent,487.9,1,35
S15,16,Incongruent,543.9,1,35
S15,17,Incongruent,512.3,1,35
S15,18,Congruent,440.1,1,35
S15,19,Congruent,504.3,1,35
S15,20,Congruent,425.2,1,35
S15,21,Congruent,435.1,1,35
S15,22,Congruent,537.5,1,35
S15,23,Congruent,453.6,1,35
S15,24,Incongruent,617.8,1,35
S15,25,Congruent,495.9,1,35
S15,26,Congruent,499.9,1,35
S15,27,Incongruent,516.4,1,35
S15,28,Incongruent,590.6,0,35
S15,29,Congruent,553.6,1,35
S15,30,Incongruent,445.6,0,35
S15,31,Incongruent,519.2,1,35
S15,32,Congruent,447.4,1,35
S15,33,Incongruent,473.8,1,35
S15,34,Congruent,361.3,1,35
S15,35,Incongruent,524.1,1,35
S15,36,Incongruent,506.3,1,35
S15,37,Congruent,488.1,1,35
S15,38,Congruent,517.6,1,35
S15,39,Congruent,450.2,1,35
S15,40,Congruent,486.6,1,35
S15,41,Congruent,485.2,0,35
S15,42,Incongruent,565.9,1,35
S15,43,Congruent,553.0,1,35
S15,44,Incongruent,565.4,1,35
S15,45,Incongruent,492.3,0,35
S15,46,Incongruent,551.8,1,35
S15,47,Congruent,505.6,1,35
S15,48,Congruent,421.2,1,35
S15,49,Incongruent,503.2,1,35
S15,50,Incongruent,562.6,1,35
S15,51,Congruent,467.7,1,35
S15,52,Incongruent,447.9,1,35
S15,53,Incongruent,586.9,1,35
S15,54,Incongruent,472.7,1,35
S15,55,Incongruent,542.6,1,35
S15,56,Congruent,425.8,1,35
S15,57,Incongruent,466.3,1,35
S15,58,Incongruent,448.7,1,35
S15,59,Incongruent,436.4,1,35
S15,60,Incongruent,500.0,1,35
S15,61,Incongruent,465.8,1,35
S15,62,Incongruent,492.8,1,35
S15,63,Congruent,465.9,1,35
S15,64,Incongruent,487.1,0,35
S15,65,Congruent,510.3,1,35
S15,66,Congruent,325.0,0,35
S15,67,Incongruent,484.8,1,35
S15,68,Congruent,453.4,1,35
S15,69,Congruent,404.6,1,35
S15,70,Congruent,447.2,1,35
S15,71,Incongruent,547.0,1,35
S15,72,Incongruent,513.9,1,35
S15,73,Incongruent,540.8,1,35
S15,74,Congruent,475.3,1,35
S15,75,Incongruent,457.6,1,35
S15,76,Incongruent,478.2,1,35
S15,77,Congruent,459.8,1,35
S15,78,Incongruent,519.3,1,35
S15,79,Congruent,442.3,1,35
S15,80,Congruent,425.0,1,35
S15,81,Incongruent,521.8,1,35
S15,82,Congruent,445.1,1,35
S15,83,Congruent,397.3,1,35
S15,84,Congruent,461.6,1,35
S15,85,Congruent,453.0,1,35
S15,86,Incongruent,521.0,1,35
S15,87,Incongruent,453.3,1,35
S15,88,Incongruent,462.0,1,35
S15,89,Incongruent,455.5,1,35
S15,90,Incongruent,487.4,1,35
S15,91,Congruent,526.9,1,35
S15,92,Congruent,482.1,1,35
S15,93,Congruent,430.2,1,35
S15,94,Congruent,403.4,1,35
S15,95,Incongruent,501.3,1,35
S15,96,Congruent,363.1,1,35
S15,97,Incongruent,556.9,1,35
S15,98,Congruent,432.3,1,35
S15,99,Incongruent,358.8,1,35
S15,100,Incongruent,479.0,1,35
S16,1,Incongruent,530.0,1,33
S16,2,Congruent,394.3,1,33
S16,3,Incongruent,473.9,1,33
S16,4,Congruent,414.0,1,33
S16,5,Congruent,372.2,1,33
S16,6,Incongruent,556.8,1,33
S16,7,Congruent,474.6,1,33
S16,8,Incongruent,499.5,1,33
S16,9,Incongruent,526.9,0,33
S16,10,Congruent,476.7,1,33
S16,11,Incongruent,537.3,0,33
S16,12,Congruent,450.0,1,33
S16,13,Congruent,416.5,1,33
S16,14,Congruent,375.4,1,33
S16,15,Congruent,370.7,1,33
S16,16,Congruent,506.4,1,33
S16,17,Congruent,395.5,1,33
S16,18,Incongruent,463.4,1,33
S16,19,Incongruent,499.2,1,33
S16,20,Congruent,440.7,1,33
S16,21,Congruent,375.8,1,33
S16,22,Congruent,407.6,1,33
S16,23,Congruent,362.5,1,33
S16,24,Incongruent,483.4,1,33
S16,25,Incongruent,460.0,1,33
S16,26,Congruent,430.6,1,33
S16,27,Incongruent,434.0,1,33
S16,28,Incongruent,403.9,1,33
S16,29,Incongruent,418.5,1,33
S16,30,Incongruent,443.8,1,33
S16,31,Congruent,314.1,1,33
S16,32,Incongruent,481.3,1,33
S16,33,Congruent,470.2,1,33
S16,34,Incongruent,355.8,1,33
S16,35,Congruent,393.9,1,33
S16,36,Incongruent,430.1,1,33
S16,37,Congruent,369.8,1,33
S16,38,Incongruent,456.0,1,33
S16,39,Incongruent,496.4,1,33
S16,40,Incongruent,532.9,1,33
S16,41,Congruent,421.6,1,33
S16,42,Incongruent,516.3,1,33
S16,43,Incongruent,462.4,1,33
S16,44,Incongruent,475.8,1,33
S16,45,Congruent,324.9,1,33
S16,46,Congruent,421.2,0,33
S16,47,Congruent,319.3,1,33
S16,48,Incongruent,490.1,1,33
S16,49,Congruent,409.8,1,33
S16,50,Incongruent,530.9,1,33
S16,51,Congruent,422.8,1,33
S16,52,Incongruent,353.9,1,33
S16,53,Congruent,412.0,1,33
S16,54,Incongruent,454.2,1,33
S16,55,Congruent,453.2,1,33
S16,56,Congruent,443.8,1,33
S16,57,Incongruent,415.7,1,33
S16,58,Congruent,452.7,1,33
S16,59,Congruent,408.1,1,33
S16,60,Congruent,426.2,1,33
S16,61,Congruent,384.3,1,33
S16,62,Congruent,470.7,1,33
S16,63,Incongruent,430.5,1,33
S16,64,Congruent,397.7,1,33
S16,65,Incongruent,354.0,1,33
S16,66,Incongruent,517.2,1,33
S16,67,Incongruent,378.7,1,33
S16,68,Congruent,416.9,1,33
S16,69,Incongruent,420.2,1,33
S16,70,Congruent,361.9,1,33
S16,71,Incongruent,455.4,1,33
S16,72,Incongruent,448.8,0,33
S16,73,Incongruent,446.7,1,33
S16,74,Congruent,449.7,1,33
S16,75,Incongruent,341.6,1,33
S16,76,Incongruent,436.9,0,33
S16,77,Congruent,363.3,0,33
S16,78,Incongruent,486.4,1,33
S16,79,Incongruent,463.2,0,33
S16,80,Congruent,457.8,1,33
S16,81,Congruent,444.0,1,33
S16,82,Congruent,427.2,1,33
S16,83,Incongruent,441.8,1,33
S16,84,Incongruent,451.2,1,33
S16,85,Incongruent,515.1,1,33
S16,86,Incongruent,414.7,1,33
S16,87,Incongruent,392.6,1,33
S16,88,Incongruent,430.1,1,33
S16,89,Congruent,365.0,1,33
S16,90,Congruent,419.5,1,33
S16,91,Incongruent,539.0,1,33
S16,92,Incongruent,459.9,1,33
S16,93,Incongruent,421.8,1,33
S16,94,Incongruent,357.9,1,33
S16,95,Congruent,413.0,1,33
S16,96,Congruent,457.1,1,33
S16,97,Congruent,378.5,1,33
S16,98,Congruent,447.1,1,33
S16,99,Congruent,372.9,1,33
S16,100,Congruent,415.9,1,33
S17,1,Congruent,589.2,1,30
S17,2,Congruent,601.2,1,30
S17,3,Congruent,565.8,1,30
S17,4,Incongruent,607.6,1,30
S17,5,Congruent,502.7,1,30
S17,6,Incongruent,660.2,1,30
S17,7,Incongruent,586.9,0,30
S17,8,Incongruent,560.7,1,30
S17,9,Congruent,553.3,1,30
S17,10,Congruent,591.2,1,30
S17,11,Congruent,526.8,1,30
S17,12,Incongruent,591.2,1,30
S17,13,Incongruent,620.8,1,30
S17,14,Incongruent,580.2,1,30
S17,15,Incongruent,684.7,1,30
S17,16,Congruent,558.9,1,30
S17,17,Incongruent,688.3,1,30
S17,18,Incongruent,590.3,1,30
S17,19,Incongruent,679.0,0,30
S17,20,Incongruent,608.6,0,30
S17,21,Congruent,614.2,1,30
S17,22,Congruent,532.7,1,30
S17,23,Congruent,676.3,1,30
S17,24,Incongruent,667.9,1,30
S17,25,Congruent,564.3,1,30
S17,26,Congruent,595.2,1,30
S17,27,Congruent,537.3,1,30
S17,28,Congruent,617.3,1,30
S17,29,Incongruent,607.0,1,30
S17,30,Incongruent,718.9,1,30
S17,31,Congruent,544.4,1,30
S17,32,Incongruent,665.4,1,30
S17,33,Congruent,628.2,1,30
S17,34,Congruent,503.5,1,30
S17,35,Congruent,600.2,1,30
S17,36,Incongruent,614.5,0,30
S17,37,Congruent,513.8,1,30
S17,38,Incongruent,618.0,1,30
S17,39,Congruent,499.8,1,30
S17,40,Incongruent,543.4,1,30
S17,41,Incongruent,595.4,1,30
S17,42,Congruent,481.3,1,30
S17,43,Incongruent,581.7,1,30
S17,44,Incongruent,620.2,1,30
S17,45,Congruent,582.9,1,30
S17,46,Incongruent,630.7,1,30
S17,47,Congruent,585.5,1,30
S17,48,Incongruent,664.5,1,30
S17,49,Congruent,556.2,1,30
S17,50,Incongruent,652.3,1,30
S17,51,Congruent,678.8,1,30
S17,52,Congruent,564.1,1,30
S17,53,Incongruent,532.0,1,30
S17,54,Congruent,521.1,1,30
S17,55,Congruent,583.7,1,30
S17,56,Incongruent,612.6,1,30
S17,57,Incongruent,522.8,1,30
S17,58,Congruent,515.8,1,30
S17,59,Incongruent,548.9,1,30
S17,60,Incongruent,632.8,1,30
S17,61,Incongruent,563.8,1,30
S17,62,Incongruent,590.3,1,30
S17,63,Incongruent,602.6,0,30
S17,64,Congruent,528.7,1,30
S17,65,Congruent,557.9,1,30
S17,66,Incongruent,589.7,1,30
S17,67,Congruent,485.6,1,30
S17,68,Congruent,503.5,1,30
S17,69,Incongruent,610.9,0,30
S17,70,Incongruent,583.7,1,30
S17,71,Congruent,615.5,1,30
S17,72,Incongruent,588.1,1,30
S17,73,Incongruent,529.0,1,30
S17,74,Incongruent,545.4,1,30
S17,75,Incongruent,544.9,1,30
S17,76,Incongruent,605.6,1,30
S17,77,Congruent,492.6,1,30
S17,78,Congruent,495.7,0,30
S17,79,Incongruent,553.8,1,30
S17,80,Incongruent,585.2,1,30
S17,81,Incongruent,589.5,1,30
S17,82,Congruent,581.8,1,30
S17,83,Congruent,558.7,1,30
S17,84,Incongruent,657.3,1,30
S17,85,Incongruent,629.1,1,30
S17,86,Congruent,534.6,1,30
S17,87,Congruent,540.2,1,30
S17,88,Congruent,589.5,1,30
S17,89,Congruent,571.7,1,30
S17,90,Incongruent,566.5,1,30
S17,91,Congruent,612.3,1,30
S17,92,Congruent,529.7,1,30
S17,93,Congruent,574.9,1,30
S17,94,Incongruent,601.7,1,30
S17,95,Congruent,484.6,1,30
S17,96,Incongruent,630.2,1,30
S17,97,Incongruent,556.4,1,30
S17,98,Congruent,554.4,1,30
S17,99,Congruent,516.0,1,30
S17,100,Congruent,532.8,1,30
S18,1,Incongruent,572.5,1,36
S18,2,Congruent,464.4,1,36
S18,3,Congruent,427.1,1,36
S18,4,Incongruent,635.0,1,36
S18,5,Congruent,587.2,1,36
S18,6,Congruent,487.8,1,36
S18,7,Incongruent,640.6,1,36
S18,8,Incongruent,588.7,1,36
S18,9,Incongruent,580.2,1,36
S18,10,Congruent,461.2,1,36
S18,11,Congruent,472.4,1,36
S18,12,Incongruent,539.3,0,36
S18,13,Congruent,572.4,1,36
S18,14,Incongruent,615.5,0,36
S18,15,Incongruent,626.7,1,36
S18,16,Congruent,597.4,0,36
S18,17,Incongruent,626.7,0,36
S18,18,Incongruent,619.9,1,36
S18,19,Congruent,525.1,1,36
S18,20,Incongruent,614.2,1,36
S18,21,Incongruent,529.8,1,36
S18,22,Congruent,471.8,1,36
S18,23,Congruent,523.5,1,36
S18,24,Incongruent,577.6,1,36
S18,25,Congruent,502.3,1,36
S18,26,Congruent,591.6,1,36
S18,27,Congruent,547.5,1,36
S18,28,Congruent,456.3,1,36
S18,29,Congruent,521.3,1,36
S18,30,Incongruent,619.8,0,36
S18,31,Congruent,471.0,1,36
S18,32,Incongruent,626.8,1,36
S18,33,Incongruent,523.3,1,36
S18,34,Congruent,554.5,1,36
S18,35,Congruent,486.6,1,36
S18,36,Incongruent,500.9,1,36
S18,37,Incongruent,588.2,1,36
S18,38,Incongruent,528.3,1,36
S18,39,Congruent,502.1,1,36
S18,40,Incongruent,622.7,1,36
S18,41,Congruent,521.6,0,36
S18,42,Incongruent,550.2,1,36
S18,43,Incongruent,552.0,1,36
S18,44,Congruent,454.7,0,36
S18,45,Incongruent,610.3,1,36
S18,46,Incongruent,655.4,1,36
S18,47,Incongruent,563.2,1,36
S18,48,Incongruent,573.0,1,36
S18,49,Incongruent,547.8,0,36
S18,50,Congruent,484.8,1,36
S18,51,Congruent,499.9,1,36
S18,52,Incongruent,542.4,0,36
S18,53,Incongruent,574.6,1,36
S18,54,Incongruent,584.8,1,36
S18,55,Incongruent,552.9,1,36
S18,56,Incongruent,559.4,1,36
S18,57,Incongruent,582.9,1,36
S18,58,Congruent,547.8,1,36
S18,59,Incongruent,666.5,1,36
S18,60,Incongruent,551.6,1,36
S18,61,Incongruent,522.2,1,36
S18,62,Incongruent,524.9,1,36
S18,63,Incongruent,495.5,1,36
S18,64,Congruent,432.4,1,36
S18,65,Incongruent,571.0,1,36
S18,66,Congruent,435.4,1,36
S18,67,Congruent,499.4,1,36
S18,68,Incongruent,700.1,1,36
S18,69,Congruent,525.6,1,36
S18,70,Congruent,494.1,1,36
S18,71,Incongruent,591.8,0,36
S18,72,Congruent,435.7,1,36
S18,73,Congruent,510.5,1,36
S18,74,Congruent,459.1,1,36
S18,75,Congruent,380.3,1,36
S18,76,Incongruent,545.3,1,36
S18,77,Congruent,473.2,1,36
S18,78,Congruent,508.6,1,36
S18,79,Incongruent,614.0,1,36
S18,80,Congruent,460.2,1,36
S18,81,Incongruent,578.4,1,36
S18,82,Congruent,467.4,1,36
S18,83,Congruent,502.6,1,36
S18,84,Congruent,411.9,1,36
S18,85,Congruent,543.6,1,36
S18,86,Congruent,433.5,1,36
S18,87,Congruent,472.7,1,36
S18,88,Congruent,475.6,0,36
S18,89,Congruent,532.1,1,36
S18,90,Incongruent,543.9,1,36
S18,91,Incongruent,550.5,1,36
S18,92,Congruent,451.6,1,36
S18,93,Incongruent,529.2,1,36
S18,94,Congruent,419.8,1,36
S18,95,Congruent,448.2,1,36
S18,96,Congruent,567.5,1,36
S18,97,Incongruent,503.1,1,36
S18,98,Congruent,545.7,0,36
S18,99,Incongruent,592.8,1,36
S18,100,Incongruent,569.9,1,36
S19,1,Incongruent,609.8,1,36
S19,2,Congruent,545.6,1,36
S19,3,Congruent,548.4,1,36
S19,4,Incongruent,550.1,1,36
S19,5,Incongruent,621.3,1,36
S19,6,Incongruent,610.1,1,36
S19,7,Congruent,606.8,1,36
S19,8,Incongruent,526.9,1,36
S19,9,Incongruent,623.8,1,36
S19,10,Incongruent,633.9,0,36
S19,11,Incongruent,609.7,1,36
S19,12,Congruent,501.8,1,36
S19,13,Congruent,515.5,1,36
S19,14,Congruent,469.9,1,36
S19,15,Congruent,505.3,1,36
S19,16,Congruent,515.5,1,36
S19,17,Congruent,421.7,1,36
S19,18,Incongruent,666.9,1,36
S19,19,Incongruent,546.2,1,36
S19,20,Incongruent,564.8,1,36
S19,21,Incongruent,561.6,1,36
S19,22,Congruent,503.7,1,36
S19,23,Incongruent,548.5,0,36
S19,24,Incongruent,588.8,1,36
S19,25,Incongruent,552.0,0,36
S19,26,Congruent,524.8,1,36
S19,27,Incongruent,647.3,0,36
S19,28,Incongruent,593.6,1,36
S19,29,Incongruent,560.5,1,36
S19,30,Incongruent,601.3,0,36
S19,31,Incongruent,605.7,1,36
S19,32,Congruent,531.9,1,36
S19,33,Incongruent,586.7,1,36
S19,34,Congruent,584.2,1,36
S19,35,Congruent,568.4,1,36
S19,36,Congruent,490.4,1,36
S19,37,Congruent,635.6,1,36
S19,38,Incongruent,635.2,1,36
S19,39,Incongruent,586.2,1,36
S19,40,Incongruent,481.3,1,36
S19,41,Congruent,524.4,1,36
S19,42,Congruent,552.1,1,36
S19,43,Incongruent,684.8,1,36
S19,44,Congruent,483.1,1,36
S19,45,Congruent,535.6,1,36
S19,46,Congruent,500.8,1,36
S19,47,Incongruent,557.8,0,36
S19,48,Incongruent,582.5,1,36
S19,49,Congruent,592.7,0,36
S19,50,Incongruent,499.2,1,36
S19,51,Incongruent,623.4,1,36
S19,52,Incongruent,582.0,1,36
S19,53,Congruent,520.8,1,36
S19,54,Congruent,581.9,0,36
S19,55,Incongruent,528.4,1,36
S19,56,Incongruent,569.9,1,36
S19,57,Incongruent,562.8,1,36
S19,58,Congruent,538.4,1,36
S19,59,Congruent,549.9,1,36
S19,60,Incongruent,550.9,1,36
S19,61,Congruent,476.8,1,36
S19,62,Incongruent,651.5,1,36
S19,63,Congruent,501.1,1,36
S19,64,Congruent,478.1,1,36
S19,65,Congruent,374.6,1,36
S19,66,Incongruent,620.6,0,36
S19,67,Incongruent,643.5,1,36
S19,68,Congruent,549.2,1,36
S19,69,Congruent,459.1,1,36
S19,70,Incongruent,647.2,1,36
S19,71,Congruent,591.3,0,36
S19,72,Congruent,544.0,1,36
S19,73,Congruent,474.1,1,36
S19,74,Congruent,446.9,1,36
S19,75,Congruent,492.5,1,36
S19,76,Congruent,474.0,1,36
S19,77,Congruent,497.3,1,36
S19,78,Congruent,486.2,1,36
S19,79,Incongruent,518.8,1,36
S19,80,Congruent,515.3,1,36
S19,81,Incongruent,475.9,1,36
S19,82,Incongruent,530.1,1,36
S19,83,Incongruent,615.7,1,36
S19,84,Incongruent,554.9,1,36
S19,85,Incongruent,601.7,1,36
S19,86,Incongruent,522.3,1,36
S19,87,Incongruent,557.5,1,36
S19,88,Incongruent,586.9,1,36
S19,89,Incongruent,448.0,1,36
S19,90,Incongruent,574.4,1,36
S19,91,Congruent,452.4,1,36
S19,92,Congruent,512.7,1,36
S19,93,Congruent,444.8,1,36
S19,94,Congruent,493.9,1,36
S19,95,Congruent,448.7,1,36
S19,96,Congruent,465.4,1,36
S19,97,Incongruent,577.4,1,36
S19,98,Congruent,485.6,1,36
S19,99,Congruent,565.0,1,36
S19,100,Congruent,488.6,1,36
S20,1,Congruent,537.9,1,39
S20,2,Incongruent,484.5,1,39
S20,3,Incongruent,659.1,1,39
S20,4,Incongruent,527.6,1,39
S20,5,Incongruent,595.5,1,39
S20,6,Incongruent,475.4,1,39
S20,7,Incongruent,497.7,0,39
S20,8,Incongruent,575.5,1,39
S20,9,Congruent,497.8,1,39
S20,10,Incongruent,471.0,1,39
S20,11,Incongruent,581.1,0,39
S20,12,Incongruent,620.7,1,39
S20,13,Incongruent,582.4,1,39
S20,14,Congruent,441.2,1,39
S20,15,Congruent,546.4,1,39
S20,16,Congruent,537.9,1,39
S20,17,Congruent,465.0,1,39
S20,18,Incongruent,598.0,1,39
S20,19,Incongruent,502.8,1,39
S20,20,Congruent,461.6,1,39
S20,21,Congruent,543.8,1,39
S20,22,Incongruent,562.7,1,39
S20,23,Incongruent,568.0,1,39
S20,24,Incongruent,581.1,1,39
S20,25,Incongruent,567.1,1,39
S20,26,Incongruent,521.9,1,39
S20,27,Incongruent,472.0,1,39
S20,28,Congruent,492.7,1,39
S20,29,Incongruent,593.6,1,39
S20,30,Congruent,546.1,1,39
S20,31,Incongruent,533.2,1,39
S20,32,Congruent,476.1,1,39
S20,33,Incongruent,634.7,1,39
S20,34,Incongruent,598.1,0,39
S20,35,Incongruent,585.7,1,39
S20,36,Incongruent,543.5,1,39
S20,37,Congruent,496.7,1,39
S20,38,Congruent,433.5,1,39
S20,39,Congruent,417.5,0,39
S20,40,Congruent,426.1,1,39
S20,41,Incongruent,513.5,1,39
S20,42,Congruent,539.4,1,39
S20,43,Congruent,568.2,1,39
S20,44,Congruent,518.7,1,39
S20,45,Congruent,395.2,1,39
S20,46,Congruent,476.5,1,39
S20,47,Incongruent,557.3,1,39
S20,48,Incongruent,618.8,1,39
S20,49,Congruent,488.4,1,39
S20,50,Congruent,507.7,1,39
S20,51,Congruent,495.0,1,39
S20,52,Congruent,464.6,1,39
S20,53,Incongruent,558.7,1,39
S20,54,Congruent,550.9,1,39
S20,55,Congruent,398.3,1,39
S20,56,Incongruent,531.2,1,39
S20,57,Congruent,460.3,1,39
S20,58,Incongruent,538.3,0,39
S20,59,Incongruent,580.6,1,39
S20,60,Congruent,455.7,1,39
S20,61,Incongruent,476.3,1,39
S20,62,Incongruent,538.2,1,39
S20,63,Incongruent,517.5,1,39
S20,64,Incongruent,468.1,1,39
S20,65,Congruent,487.4,1,39
S20,66,Congruent,463.4,1,39
S20,67,Congruent,481.4,1,39
S20,68,Congruent,450.6,1,39
S20,69,Congruent,514.1,0,39
S20,70,Congruent,534.3,1,39
S20,71,Incongruent,502.1,1,39
S20,72,Congruent,360.2,1,39
S20,73,Incongruent,523.5,1,39
S20,74,Incongruent,440.8,1,39
S20,75,Congruent,445.5,1,39
S20,76,Congruent,438.6,1,39
S20,77,Incongruent,627.1,1,39
S20,78,Congruent,455.7,1,39
S20,79,Incongruent,476.5,0,39
S20,80,Incongruent,619.1,1,39
S20,81,Congruent,447.4,1,39
S20,82,Incongruent,469.5,1,39
S20,83,Congruent,457.2,0,39
S20,84,Incongruent,521.6,1,39
S20,85,Incongruent,477.3,1,39
S20,86,Congruent,434.6,1,39
S20,87,Incongruent,573.1,1,39
S20,88,Congruent,509.9,0,39
S20,89,Incongruent,500.3,1,39
S20,90,Congruent,539.4,1,39
S20,91,Incongruent,549.5,1,39
S20,92,Congruent,497.0,1,39
S20,93,Incongruent,546.9,1,39
S20,94,Congruent,398.8,1,39
S20,95,Congruent,473.8,1,39
S20,96,Congruent,471.5,1,39
S20,97,Congruent,383.2,1,39
S20,98,Congruent,384.0,1,39
S20,99,Congruent,390.7,1,39
S20,100,Incongruent,561.2,1,39
S21,1,Incongruent,650.7,1,29
S21,2,Incongruent,615.8,0,29
S21,3,Congruent,451.2,1,29
S21,4,Congruent,538.1,1,29
S21,5,Congruent,478.4,1,29
S21,6,Incongruent,623.5,1,29
S21,7,Congruent,562.5,1,29
S21,8,Incongruent,553.3,1,29
S21,9,Incongruent,573.0,1,29
S21,10,Incongruent,564.4,1,29
S21,11,Congruent,514.7,1,29
S21,12,Congruent,542.6,1,29
S21,13,Incongruent,583.9,0,29
S21,14,Congruent,504.2,1,29
S21,15,Incongruent,565.8,1,29
S21,16,Congruent,460.7,1,29
S21,17,Incongruent,640.0,1,29
S21,18,Congruent,552.9,1,29
S21,19,Incongruent,597.7,1,29
S21,20,Congruent,618.8,1,29
S21,21,Incongruent,582.4,1,29
S21,22,Congruent,542.5,1,29
S21,23,Incongruent,634.7,1,29
S21,24,Congruent,475.2,1,29
S21,25,Incongruent,555.7,1,29
S21,26,Congruent,488.1,1,29
S21,27,Congruent,532.6,1,29
S21,28,Congruent,426.8,1,29
S21,29,Incongruent,562.6,1,29
S21,30,Congruent,581.7,1,29
S21,31,Incongruent,619.8,1,29
S21,32,Incongruent,610.9,1,29
S21,33,Congruent,568.1,1,29
S21,34,Incongruent,554.0,1,29
S21,35,Incongruent,610.7,1,29
S21,36,Congruent,530.7,1,29
S21,37,Congruent,523.0,1,29
S21,38,Incongruent,581.5,1,29
S21,39,Incongruent,661.5,1,29
S21,40,Incongruent,561.8,1,29
S21,41,Incongruent,560.1,1,29
S21,42,Congruent,548.7,0,29
S21,43,Incongruent,584.3,1,29
S21,44,Congruent,478.8,1,29
S21,45,Congruent,458.5,1,29
S21,46,Incongruent,587.8,1,29
S21,47,Congruent,538.4,1,29
S21,48,Congruent,437.5,1,29
S21,49,Congruent,540.4,1,29
S21,50,Incongruent,581.6,0,29
S21,51,Incongruent,527.5,0,29
S21,52,Incongruent,647.9,0,29
S21,53,Congruent,551.9,1,29
S21,54,Incongruent,532.0,1,29
S21,55,Incongruent,497.8,1,29
S21,56,Congruent,572.4,1,29
S21,57,Incongruent,560.9,1,29
S21,58,Incongruent,559.5,0,29
S21,59,Incongruent,555.8,0,29
S21,60,Congruent,441.2,0,29
S21,61,Incongruent,547.5,1,29
S21,62,Incongruent,640.4,1,29
S21,63,Congruent,535.8,1,29
S21,64,Incongruent,530.5,1,29
S21,65,Incongruent,523.8,1,29
S21,66,Congruent,517.3,1,29
S21,67,Congruent,499.5,1,29
S21,68,Congruent,567.5,1,29
S21,69,Congruent,533.9,1,29
S21,70,Incongruent,685.1,1,29
S21,71,Congruent,421.0,1,29
S21,72,Congruent,546.6,1,29
S21,73,Incongruent,619.7,1,29
S21,74,Incongruent,634.5,1,29
S21,75,Incongruent,517.4,0,29
S21,76,Congruent,473.2,1,29
S21,77,Congruent,415.2,1,29
S21,78,Incongruent,665.7,1,29
S21,79,Congruent,535.2,1,29
S21,80,Incongruent,580.3,1,29
S21,81,Congruent,503.0,1,29
S21,82,Incongruent,601.2,1,29
S21,83,Congruent,466.0,1,29
S21,84,Incongruent,545.1,1,29
S21,85,Congruent,500.9,1,29
S21,86,Congruent,465.3,1,29
S21,87,Congruent,432.9,1,29
S21,88,Congruent,535.0,1,29
S21,89,Congruent,396.8,1,29
S21,90,Congruent,483.4,1,29
S21,91,Congruent,478.6,1,29
S21,92,Congruent,571.8,1,29
S21,93,Incongruent,549.4,1,29
S21,94,Incongruent,522.8,1,29
S21,95,Congruent,448.6,1,29
S21,96,Incongruent,546.4,0,29
S21,97,Incongruent,524.5,1,29
S21,98,Congruent,541.3,0,29
S21,99,Incongruent,534.3,1,29
S21,100,Incongruent,522.9,1,29
S22,1,Congruent,507.0,1,32
S22,2,Congruent,480.4,1,32
S22,3,Congruent,428.3,1,32
S22,4,Incongruent,496.2,1,32
S22,5,Congruent,519.1,1,32
S22,6,Incongruent,446.7,1,32
S22,7,Incongruent,481.3,1,32
S22,8,Congruent,434.8,1,32
S22,9,Congruent,448.5,1,32
S22,10,Congruent,457.2,1,32
S22,11,Congruent,472.9,1,32
S22,12,Incongruent,591.1,0,32
S22,13,Incongruent,541.9,1,32
S22,14,Congruent,378.1,1,32
S22,15,Congruent,436.3,1,32
S22,16,Incongruent,571.1,1,32
S22,17,Incongruent,507.2,1,32
S22,18,Incongruent,511.9,1,32
S22,19,Incongruent,496.7,1,32
S22,20,Incongruent,489.8,0,32
S22,21,Congruent,417.2,1,32
S22,22,Incongruent,407.5,1,32
S22,23,Incongruent,517.9,1,32
S22,24,Congruent,370.8,1,32
S22,25,Incongruent,474.6,1,32
S22,26,Incongruent,586.5,1,32
S22,27,Congruent,414.5,1,32
S22,28,Congruent,440.3,1,32
S22,29,Incongruent,531.8,1,32
S22,30,Congruent,520.5,1,32
S22,31,Congruent,406.0,1,32
S22,32,Incongruent,507.9,1,32
S22,33,Congruent,429.6,1,32
S22,34,Congruent,395.6,1,32
S22,35,Incongruent,519.8,1,32
S22,36,Congruent,366.4,1,32
S22,37,Incongruent,574.6,1,32
S22,38,Congruent,424.3,1,32
S22,39,Congruent,499.7,1,32
S22,40,Congruent,454.6,1,32
S22,41,Congruent,453.8,1,32
S22,42,Incongruent,439.6,1,32
S22,43,Incongruent,454.2,1,32
S22,44,Incongruent,488.2,1,32
S22,45,Congruent,414.7,1,32
S22,46,Congruent,402.6,1,32
S22,47,Incongruent,487.0,1,32
S22,48,Incongruent,564.0,1,32
S22,49,Incongruent,479.4,1,32
S22,50,Congruent,396.2,1,32
S22,51,Incongruent,424.7,1,32
S22,52,Incongruent,499.5,1,32
S22,53,Congruent,417.0,1,32
S22,54,Congruent,334.9,1,32
S22,55,Congruent,412.7,1,32
S22,56,Incongruent,557.2,0,32
S22,57,Incongruent,498.8,1,32
S22,58,Incongruent,576.1,1,32
S22,59,Congruent,426.2,1,32
S22,60,Congruent,416.3,1,32
S22,61,Incongruent,448.5,1,32
S22,62,Incongruent,510.6,1,32
S22,63,Congruent,404.5,1,32
S22,64,Incongruent,485.7,1,32
S22,65,Incongruent,464.5,1,32
S22,66,Congruent,448.0,1,32
S22,67,Congruent,384.3,1,32
S22,68,Congruent,439.1,1,32
S22,69,Incongruent,447.3,1,32
S22,70,Incongruent,436.1,1,32
S22,71,Congruent,357.8,1,32
S22,72,Incongruent,521.0,0,32
S22,73,Incongruent,473.8,1,32
S22,74,Congruent,346.8,0,32
S22,75,Incongruent,493.7,1,32
S22,76,Congruent,382.3,1,32
S22,77,Congruent,417.5,1,32
S22,78,Incongruent,428.5,1,32
S22,79,Incongruent,436.3,1,32
S22,80,Congruent,397.2,1,32
S22,81,Incongruent,488.9,1,32
S22,82,Congruent,395.8,1,32
S22,83,Congruent,350.3,1,32
S22,84,Incongruent,430.5,0,32
S22,85,Incongruent,492.1,1,32
S22,86,Incongruent,474.1,1,32
S22,87,Congruent,370.4,1,32
S22,88,Incongruent,456.4,1,32
S22,89,Congruent,531.0,1,32
S22,90,Incongruent,482.7,1,32
S22,91,Congruent,424.6,1,32
S22,92,Congruent,377.2,1,32
S22,93,Congruent,344.9,1,32
S22,94,Congruent,343.5,1,32
S22,95,Incongruent,454.5,1,32
S22,96,Incongruent,413.1,1,32
S22,97,Incongruent,443.1,0,32
S22,98,Congruent,380.2,1,32
S22,99,Congruent,358.0,1,32
S22,100,Incongruent,406.2,0,32
S23,1,Incongruent,728.0,1,21
S23,2,Congruent,531.0,0,21
S23,3,Incongruent,626.0,0,21
S23,4,Congruent,544.3,1,21
S23,5,Incongruent,642.6,1,21
S23,6,Congruent,568.6,1,21
S23,7,Incongruent,615.7,1,21
S23,8,Incongruent,615.0,1,21
S23,9,Congruent,647.2,1,21
S23,10,Incongruent,717.8,0,21
S23,11,Congruent,566.9,1,21
S23,12,Incongruent,598.4,1,21
S23,13,Congruent,506.6,1,21
S23,14,Congruent,551.6,0,21
S23,15,Incongruent,583.3,1,21
S23,16,Incongruent,613.1,1,21
S23,17,Incongruent,693.0,1,21
S23,18,Congruent,568.8,1,21
S23,19,Incongruent,616.8,1,21
S23,20,Incongruent,562.7,1,21
S23,21,Congruent,614.8,1,21
S23,22,Incongruent,608.0,1,21
S23,23,Incongruent,691.8,1,21
S23,24,Incongruent,660.1,1,21
S23,25,Incongruent,624.9,1,21
S23,26,Congruent,565.7,1,21
S23,27,Congruent,502.8,1,21
S23,28,Congruent,552.5,1,21
S23,29,Congruent,568.2,1,21
S23,30,Incongruent,628.6,1,21
S23,31,Congruent,557.6,1,21
S23,32,Congruent,508.3,1,21
S23,33,Congruent,577.6,1,21
S23,34,Congruent,602.6,0,21
S23,35,Congruent,542.6,1,21
S23,36,Incongruent,607.7,0,21
S23,37,Congruent,555.9,1,21
S23,38,Congruent,541.9,1,21
S23,39,Congruent,590.0,1,21
S23,40,Congruent,536.9,1,21
S23,41,Incongruent,596.7,1,21
S23,42,Incongruent,631.8,1,21
S23,43,Congruent,629.4,1,21
S23,44,Incongruent,652.3,1,21
S23,45,Incongruent,605.5,1,21
S23,46,Incongruent,654.4,1,21
S23,47,Incongruent,598.6,1,21
S23,48,Incongruent,547.1,1,21
S23,49,Congruent,620.4,1,21
S23,50,Incongruent,637.4,1,21
S23,51,Congruent,592.2,1,21
S23,52,Congruent,479.8,1,21
S23,53,Incongruent,578.5,1,21
S23,54,Incongruent,571.4,1,21
S23,55,Congruent,456.2,1,21
S23,56,Incongruent,615.1,1,21
S23,57,Congruent,486.3,1,21
S23,58,Incongruent,644.3,1,21
S23,59,Incongruent,656.2,1,21
S23,60,Incongruent,623.2,0,21
S23,61,Congruent,500.6,1,21
S23,62,Incongruent,534.7,1,21
S23,63,Incongruent,607.3,0,21
S23,64,Incongruent,642.6,0,21
S23,65,Congruent,500.9,1,21
S23,66,Congruent,462.6,1,21
S23,67,Incongruent,640.0,0,21
S23,68,Incongruent,592.6,1,21
S23,69,Congruent,486.6,1,21
S23,70,Incongruent,601.3,0,21
S23,71,Congruent,496.4,1,21
S23,72,Congruent,540.1,1,21
S23,73,Incongruent,578.4,1,21
S23,74,Congruent,597.2,1,21
S23,75,Congruent,498.5,1,21
S23,76,Incongruent,603.3,1,21
S23,77,Congruent,486.0,1,21
S23,78,Incongruent,561.7,1,21
S23,79,Congruent,480.4,1,21
S23,80,Incongruent,564.8,0,21
S23,81,Incongruent,553.9,1,21
S23,82,Incongruent,589.7,1,21
S23,83,Congruent,601.4,1,21
S23,84,Congruent,509.2,1,21
S23,85,Incongruent,620.5,1,21
S23,86,Incongruent,491.7,0,21
S23,87,Incongruent,621.6,1,21
S23,88,Congruent,458.2,1,21
S23,89,Congruent,519.7,1,21
S23,90,Congruent,534.1,1,21
S23,91,Congruent,545.9,0,21
S23,92,Incongruent,643.3,1,21
S23,93,Congruent,547.3,1,21
S23,94,Congruent,489.7,1,21
S23,95,Congruent,533.7,1,21
S23,96,Congruent,501.5,1,21
S23,97,Incongruent,506.4,1,21
S23,98,Congruent,595.2,1,21
S23,99,Incongruent,550.4,1,21
S23,100,Congruent,539.9,0,21
S24,1,Congruent,581.5,1,38
S24,2,Congruent,642.6,1,38
S24,3,Congruent,608.8,1,38
S24,4,Incongruent,660.3,1,38
S24,5,Incongruent,668.4,1,38
S24,6,Congruent,570.1,1,38
S24,7,Incongruent,581.3,1,38
S24,8,Incongruent,644.5,1,38
S24,9,Incongruent,538.3,1,38
S24,10,Congruent,558.9,1,38
S24,11,Incongruent,656.0,1,38
S24,12,Congruent,544.3,1,38
S24,13,Congruent,567.4,1,38
S24,14,Congruent,508.3,1,38
S24,15,Congruent,481.6,1,38
S24,16,Congruent,548.5,1,38
S24,17,Incongruent,606.8,1,38
S24,18,Congruent,572.4,1,38
S24,19,Congruent,608.9,1,38
S24,20,Incongruent,657.7,1,38
S24,21,Incongruent,673.2,1,38
S24,22,Incongruent,619.3,1,38
S24,23,Congruent,568.1,1,38
S24,24,Incongruent,606.1,1,38
S24,25,Congruent,544.2,1,38
S24,26,Incongruent,602.1,1,38
S24,27,Congruent,473.6,1,38
S24,28,Incongruent,695.8,1,38
S24,29,Incongruent,587.6,1,38
S24,30,Incongruent,697.9,0,38
S24,31,Incongruent,598.8,1,38
S24,32,Incongruent,710.7,1,38
S24,33,Incongruent,615.2,1,38
S24,34,Incongruent,702.4,1,38
S24,35,Incongruent,544.5,1,38
S24,36,Incongruent,563.1,1,38
S24,37,Incongruent,557.4,1,38
S24,38,Incongruent,587.4,1,38
S24,39,Incongruent,559.6,1,38
S24,40,Congruent,633.4,1,38
S24,41,Congruent,548.4,1,38
S24,42,Congruent,578.9,1,38
S24,43,Incongruent,597.6,1,38
S24,44,Incongruent,622.8,1,38
S24,45,Incongruent,612.6,1,38
S24,46,Congruent,611.1,1,38
S24,47,Congruent,554.3,1,38
S24,48,Incongruent,558.1,1,38
S24,49,Congruent,504.9,1,38
S24,50,Incongruent,602.0,1,38
S24,51,Incongruent,664.7,1,38
S24,52,Incongruent,635.4,1,38
S24,53,Congruent,493.7,0,38
S24,54,Incongruent,530.8,1,38
S24,55,Incongruent,466.9,1,38
S24,56,Congruent,524.2,1,38
S24,57,Congruent,535.0,1,38
S24,58,Incongruent,631.2,1,38
S24,59,Incongruent,618.9,1,38
S24,60,Congruent,536.6,1,38
S24,61,Congruent,478.1,1,38
S24,62,Congruent,620.7,1,38
S24,63,Incongruent,569.7,1,38
S24,64,Congruent,514.1,1,38
S24,65,Incongruent,630.1,1,38
S24,66,Congruent,519.9,1,38
S24,67,Congruent,509.3,1,38
S24,68,Incongruent,624.0,1,38
S24,69,Congruent,557.1,1,38
S24,70,Congruent,542.6,1,38
S24,71,Congruent,499.3,1,38
S24,72,Incongruent,612.3,1,38
S24,73,Incongruent,588.3,1,38
S24,74,Congruent,491.4,1,38
S24,75,Incongruent,675.0,1,38
S24,76,Congruent,534.0,1,38
S24,77,Incongruent,593.4,1,38
S24,78,Congruent,537.7,1,38
S24,79,Incongruent,619.6,1,38
S24,80,Congruent,605.4,1,38
S24,81,Congruent,567.9,0,38
S24,82,Congruent,526.1,0,38
S24,83,Congruent,610.6,1,38
S24,84,Congruent,501.5,1,38
S24,85,Incongruent,558.6,1,38
S24,86,Congruent,555.5,1,38
S24,87,Incongruent,653.7,1,38
S24,88,Incongruent,700.5,1,38
S24,89,Congruent,583.9,1,38
S24,90,Congruent,450.1,1,38
S24,91,Incongruent,633.1,0,38
S24,92,Congruent,446.6,0,38
S24,93,Congruent,593.2,1,38
S24,94,Incongruent,503.0,1,38
S24,95,Incongruent,690.4,1,38
S24,96,Congruent,492.7,1,38
S24,97,Congruent,542.4,1,38
S24,98,Incongruent,664.4,1,38
S24,99,Congruent,458.9,1,38
S24,100,Congruent,462.0,1,38
S25,1,Congruent,470.5,1,27
S25,2,Incongruent,570.3,1,27
S25,3,Congruent,483.6,1,27
S25,4,Incongruent,585.3,1,27
S25,5,Congruent,467.8,1,27
S25,6,Incongruent,556.7,0,27
S25,7,Congruent,531.8,1,27
S25,8,Incongruent,556.8,1,27
S25,9,Incongruent,545.1,1,27
S25,10,Congruent,482.1,1,27
S25,11,Incongruent,541.5,1,27
S25,12,Congruent,549.0,1,27
S25,13,Incongruent,551.5,1,27
S25,14,Incongruent,500.3,1,27
S25,15,Incongruent,502.9,1,27
S25,16,Congruent,583.1,1,27
S25,17,Incongruent,579.5,1,27
S25,18,Incongruent,558.2,0,27
S25,19,Congruent,503.0,1,27
S25,20,Incongruent,601.2,0,27
S25,21,Congruent,459.5,1,27
S25,22,Congruent,437.9,1,27
S25,23,Congruent,488.7,1,27
S25,24,Incongruent,587.1,1,27
S25,25,Congruent,425.4,1,27
S25,26,Congruent,537.4,1,27
S25,27,Congruent,548.2,1,27
S25,28,Congruent,422.6,1,27
S25,29,Incongruent,584.8,1,27
S25,30,Incongruent,536.9,0,27
S25,31,Congruent,532.5,1,27
S25,32,Incongruent,528.5,1,27
S25,33,Incongruent,493.1,1,27
S25,34,Incongruent,593.1,1,27
S25,35,Incongruent,531.2,1,27
S25,36,Congruent,524.3,1,27
S25,37,Incongruent,674.7,1,27
S25,38,Congruent,455.5,1,27
S25,39,Congruent,448.7,1,27
S25,40,Incongruent,534.4,1,27
S25,41,Congruent,476.8,1,27
S25,42,Congruent,482.1,1,27
S25,43,Incongruent,521.6,0,27
S25,44,Incongruent,559.4,1,27
S25,45,Congruent,511.1,1,27
S25,46,Incongruent,637.4,1,27
S25,47,Congruent,536.4,1,27
S25,48,Congruent,466.7,1,27
S25,49,Congruent,506.4,1,27
S25,50,Incongruent,601.6,1,27
S25,51,Congruent,499.4,0,27
S25,52,Incongruent,505.6,0,27
S25,53,Congruent,497.1,1,27
S25,54,Incongruent,479.0,1,27
S25,55,Congruent,459.4,1,27
S25,56,Congruent,456.0,1,27
S25,57,Congruent,488.6,1,27
S25,58,Congruent,478.1,1,27
S25,59,Congruent,445.3,1,27
S25,60,Incongruent,556.8,1,27
S25,61,Congruent,543.0,1,27
S25,62,Incongruent,535.3,1,27
S25,63,Incongruent,489.6,1,27
S25,64,Congruent,465.8,1,27
S25,65,Congruent,452.8,1,27
S25,66,Congruent,470.8,1,27
S25,67,Congruent,422.6,1,27
S25,68,Incongruent,516.5,1,27
S25,69,Incongruent,578.8,1,27
S25,70,Congruent,555.2,1,27
S25,71,Incongruent,479.8,1,27
S25,72,Incongruent,409.9,1,27
S25,73,Incongruent,525.5,1,27
S25,74,Incongruent,459.5,1,27
S25,75,Congruent,466.8,1,27
S25,76,Congruent,442.9,0,27
S25,77,Incongruent,613.5,1,27
S25,78,Incongruent,447.3,1,27
S25,79,Incongruent,529.1,0,27
S25,80,Congruent,554.1,1,27
S25,81,Congruent,419.6,1,27
S25,82,Incongruent,604.9,1,27
S25,83,Incongruent,547.1,1,27
S25,84,Incongruent,501.3,0,27
S25,85,Incongruent,511.5,1,27
S25,86,Incongruent,564.5,0,27
S25,87,Congruent,460.2,1,27
S25,88,Incongruent,505.4,1,27
S25,89,Congruent,538.3,1,27
S25,90,Congruent,457.7,1,27
S25,91,Congruent,537.3,1,27
S25,92,Incongruent,517.7,1,27
S25,93,Congruent,399.6,1,27
S25,94,Incongruent,582.3,1,27
S25,95,Incongruent,475.4,0,27
S25,96,Incongruent,464.6,1,27
S25,97,Congruent,478.7,1,27
S25,98,Incongruent,495.3,1,27
S25,99,Congruent,441.6,1,27
S25,100,Congruent,431.2,1,27
S26,1,Congruent,463.9,1,39
S26,2,Incongruent,445.1,1,39
S26,3,Incongruent,502.5,1,39
S26,4,Incongruent,519.2,1,39
S26,5,Incongruent,540.3,0,39
S26,6,Congruent,442.2,1,39
S26,7,Incongruent,530.3,1,39
S26,8,Congruent,420.1,1,39
S26,9,Incongruent,522.9,1,39
S26,10,Congruent,454.6,1,39
S26,11,Congruent,458.8,1,39
S26,12,Incongruent,537.5,1,39
S26,13,Incongruent,550.4,1,39
S26,14,Congruent,491.3,1,39
S26,15,Incongruent,517.1,1,39
S26,16,Incongruent,527.6,1,39
S26,17,Incongruent,454.4,0,39
S26,18,Congruent,346.8,1,39
S26,19,Congruent,368.7,1,39
S26,20,Incongruent,513.8,1,39
S26,21,Congruent,336.3,1,39
S26,22,Congruent,419.4,1,39
S26,23,Congruent,351.0,1,39
S26,24,Incongruent,459.8,1,39
S26,25,Incongruent,525.0,1,39
S26,26,Incongruent,457.1,1,39
S26,27,Congruent,380.7,1,39
S26,28,Incongruent,472.3,0,39
S26,29,Incongruent,317.3,1,39
S26,30,Incongruent,462.7,1,39
S26,31,Congruent,312.8,1,39
S26,32,Incongruent,499.0,1,39
S26,33,Congruent,434.7,1,39
S26,34,Incongruent,450.3,1,39
S26,35,Congruent,450.8,1,39
S26,36,Congruent,407.5,1,39
S26,37,Incongruent,515.7,1,39
S26,38,Incongruent,482.8,1,39
S26,39,Congruent,351.0,1,39
S26,40,Congruent,363.7,1,39
S26,41,Congruent,409.7,1,39
S26,42,Congruent,360.0,1,39
S26,43,Congruent,430.1,1,39
S26,44,Congruent,524.4,1,39
S26,45,Congruent,388.4,1,39
S26,46,Congruent,395.4,1,39
S26,47,Congruent,403.0,1,39
S26,48,Incongruent,468.8,1,39
S26,49,Incongruent,393.1,1,39
S26,50,Congruent,451.6,1,39
S26,51,Congruent,416.1,1,39
S26,52,Incongruent,468.9,1,39
S26,53,Incongruent,429.2,1,39
S26,54,Incongruent,467.5,1,39
S26,55,Congruent,435.3,1,39
S26,56,Incongruent,481.4,0,39
S26,57,Incongruent,466.0,0,39
S26,58,Incongruent,470.5,1,39
S26,59,Congruent,387.2,1,39
S26,60,Incongruent,432.7,1,39
S26,61,Incongruent,375.2,1,39
S26,62,Congruent,446.7,1,39
S26,63,Incongruent,453.6,1,39
S26,64,Incongruent,390.6,1,39
S26,65,Congruent,406.9,1,39
S26,66,Congruent,357.0,0,39
S26,67,Incongruent,520.9,0,39
S26,68,Incongruent,498.3,1,39
S26,69,Incongruent,416.4,1,39
S26,70,Congruent,461.9,1,39
S26,71,Congruent,449.3,1,39
S26,72,Incongruent,612.9,1,39
S26,73,Incongruent,548.1,1,39
S26,74,Incongruent,518.9,1,39
S26,75,Congruent,459.6,1,39
S26,76,Congruent,329.2,1,39
S26,77,Congruent,421.5,1,39
S26,78,Congruent,441.6,1,39
S26,79,Congruent,360.0,1,39
S26,80,Incongruent,481.5,1,39
S26,81,Incongruent,560.5,1,39
S26,82,Congruent,398.4,1,39
S26,83,Incongruent,494.2,1,39
S26,84,Incongruent,446.1,1,39
S26,85,Congruent,439.5,1,39
S26,86,Congruent,366.4,1,39
S26,87,Congruent,368.8,1,39
S26,88,Congruent,360.4,1,39
S26,89,Congruent,410.0,1,39
S26,90,Incongruent,461.2,1,39
S26,91,Congruent,437.3,1,39
S26,92,Congruent,453.6,1,39
S26,93,Incongruent,499.6,1,39
S26,94,Incongruent,385.7,0,39
S26,95,Incongruent,441.0,1,39
S26,96,Incongruent,461.7,1,39
S26,97,Congruent,357.4,1,39
S26,98,Incongruent,437.5,1,39
S26,99,Congruent,398.1,1,39
S26,100,Congruent,388.9,1,39
S27,1,Incongruent,617.2,1,39
S27,2,Incongruent,604.1,1,39
S27,3,Congruent,478.5,1,39
S27,4,Incongruent,616.5,1,39
S27,5,Congruent,529.5,0,39
S27,6,Congruent,620.2,1,39
S27,7,Congruent,556.9,1,39
S27,8,Incongruent,588.3,1,39
S27,9,Incongruent,635.6,1,39
S27,10,Congruent,598.0,1,39
S27,11,Congruent,527.4,1,39
S27,12,Incongruent,597.7,1,39
S27,13,Incongruent,601.4,1,39
S27,14,Congruent,531.2,1,39
S27,15,Incongruent,571.2,1,39
S27,16,Incongruent,652.1,1,39
S27,17,Congruent,572.4,1,39
S27,18,Incongruent,621.3,1,39
S27,19,Incongruent,618.6,1,39
S27,20,Incongruent,631.7,1,39
S27,21,Incongruent,583.6,1,39
S27,22,Congruent,555.2,0,39
S27,23,Congruent,556.9,1,39
S27,24,Incongruent,586.6,1,39
S27,25,Incongruent,656.5,0,39
S27,26,Congruent,624.1,1,39
S27,27,Congruent,563.9,1,39
S27,28,Congruent,567.3,1,39
S27,29,Incongruent,549.8,1,39
S27,30,Congruent,515.8,1,39
S27,31,Congruent,551.3,1,39
S27,32,Congruent,595.8,1,39
S27,33,Congruent,613.0,1,39
S27,34,Incongruent,614.6,1,39
S27,35,Incongruent,674.4,1,39
S27,36,Congruent,577.7,1,39
S27,37,Incongruent,504.6,1,39
S27,38,Congruent,534.2,1,39
S27,39,Congruent,580.4,1,39
S27,40,Congruent,538.4,1,39
S27,41,Incongruent,604.1,1,39
S27,42,Congruent,508.0,1,39
S27,43,Incongruent,580.0,1,39
S27,44,Congruent,521.6,1,39
S27,45,Incongruent,621.3,1,39
S27,46,Incongruent,593.4,1,39
S27,47,Incongruent,549.9,1,39
S27,48,Congruent,555.3,1,39
S27,49,Congruent,495.7,1,39
S27,50,Congruent,507.9,0,39
S27,51,Incongruent,572.3,1,39
S27,52,Incongruent,692.9,1,39
S27,53,Incongruent,624.9,1,39
S27,54,Congruent,596.7,1,39
S27,55,Incongruent,618.4,1,39
S27,56,Congruent,476.9,1,39
S27,57,Incongruent,598.0,1,39
S27,58,Incongruent,621.2,0,39
S27,59,Incongruent,590.4,1,39
S27,60,Congruent,556.2,1,39
S27,61,Congruent,550.8,1,39
S27,62,Congruent,541.9,1,39
S27,63,Congruent,521.3,1,39
S27,64,Congruent,590.0,1,39
S27,65,Incongruent,602.5,1,39
S27,66,Incongruent,603.0,1,39
S27,67,Congruent,503.1,1,39
S27,68,Congruent,503.8,1,39
S27,69,Incongruent,602.8,0,39
S27,70,Incongruent,592.8,1,39
S27,71,Congruent,531.1,1,39
S27,72,Incongruent,513.0,1,39
S27,73,Incongruent,608.6,1,39
S27,74,Incongruent,594.7,1,39
S27,75,Congruent,421.9,1,39
S27,76,Incongruent,543.1,1,39
S27,77,Congruent,515.5,1,39
S27,78,Congruent,556.1,1,39
S27,79,Incongruent,571.5,1,39
S27,80,Congruent,461.2,1,39
S27,81,Incongruent,539.9,1,39
S27,82,Incongruent,521.7,1,39
S27,83,Congruent,530.4,1,39
S27,84,Congruent,541.1,1,39
S27,85,Incongruent,612.6,1,39
S27,86,Incongruent,667.2,0,39
S27,87,Congruent,529.0,1,39
S27,88,Incongruent,584.2,0,39
S27,89,Congruent,417.7,1,39
S27,90,Congruent,548.4,1,39
S27,91,Congruent,567.6,1,39
S27,92,Congruent,452.9,1,39
S27,93,Congruent,560.9,1,39
S27,94,Incongruent,573.4,1,39
S27,95,Incongruent,641.8,1,39
S27,96,Congruent,462.0,1,39
S27,97,Congruent,489.3,1,39
S27,98,Incongruent,508.1,0,39
S27,99,Incongruent,498.6,1,39
S27,100,Incongruent,599.3,1,39
S28,1,Congruent,590.4,1,26
S28,2,Incongruent,708.2,1,26
S28,3,Incongruent,704.3,1,26
S28,4,Incongruent,655.3,1,26
S28,5,Congruent,677.2,1,26
S28,6,Congruent,593.0,1,26
S28,7,Incongruent,649.3,1,26
S28,8,Incongruent,743.8,1,26
S28,9,Incongruent,663.3,1,26
S28,10,Incongruent,725.8,1,26
S28,11,Congruent,625.3,0,26
S28,12,Incongruent,781.4,1,26
S28,13,Incongruent,723.6,1,26
S28,14,Incongruent,674.5,1,26
S28,15,Congruent,583.7,1,26
S28,16,Incongruent,667.2,1,26
S28,17,Congruent,623.4,1,26
S28,18,Congruent,667.8,1,26
S28,19,Congruent,600.1,1,26
S28,20,Incongruent,679.2,1,26
S28,21,Incongruent,724.8,1,26
S28,22,Congruent,674.6,1,26
S28,23,Congruent,574.7,1,26
S28,24,Congruent,611.5,1,26
S28,25,Incongruent,667.8,1,26
S28,26,Congruent,646.9,1,26
S28,27,Incongruent,668.9,1,26
S28,28,Congruent,634.2,1,26
S28,29,Incongruent,646.6,1,26
S28,30,Congruent,605.1,1,26
S28,31,Congruent,643.2,0,26
S28,32,Congruent,621.4,1,26
S28,33,Incongruent,705.1,1,26
S28,34,Incongruent,696.1,1,26
S28,35,Congruent,602.3,1,26
S28,36,Congruent,598.1,1,26
S28,37,Congruent,639.3,1,26
S28,38,Congruent,691.2,1,26
S28,39,Incongruent,622.4,1,26
S28,40,Incongruent,647.5,0,26
S28,41,Congruent,614.6,1,26
S28,42,Congruent,580.8,1,26
S28,43,Incongruent,685.2,1,26
S28,44,Incongruent,684.6,0,26
S28,45,Congruent,637.7,1,26
S28,46,Incongruent,724.1,0,26
S28,47,Incongruent,686.9,1,26
S28,48,Congruent,536.8,1,26
S28,49,Congruent,483.4,1,26
S28,50,Congruent,686.8,1,26
S28,51,Incongruent,767.7,1,26
S28,52,Congruent,627.1,1,26
S28,53,Congruent,558.8,1,26
S28,54,Congruent,650.3,1,26
S28,55,Incongruent,658.7,1,26
S28,56,Incongruent,658.4,1,26
S28,57,Congruent,609.6,1,26
S28,58,Congruent,625.5,1,26
S28,59,Incongruent,624.0,1,26
S28,60,Incongruent,709.8,1,26
S28,61,Incongruent,666.7,1,26
S28,62,Congruent,633.1,1,26
S28,63,Congruent,563.1,1,26
S28,64,Incongruent,684.6,1,26
S28,65,Congruent,638.6,1,26
S28,66,Incongruent,674.8,1,26
S28,67,Congruent,526.9,1,26
S28,68,Congruent,617.3,1,26
S28,69,Incongruent,691.6,1,26
S28,70,Incongruent,612.4,1,26
S28,71,Congruent,604.3,1,26
S28,72,Incongruent,589.2,1,26
S28,73,Congruent,564.8,1,26
S28,74,Incongruent,667.6,1,26
S28,75,Incongruent,725.1,1,26
S28,76,Congruent,595.1,1,26
S28,77,Congruent,601.3,1,26
S28,78,Congruent,588.6,0,26
S28,79,Incongruent,637.0,1,26
S28,80,Congruent,541.2,1,26
S28,81,Incongruent,567.3,1,26
S28,82,Congruent,608.5,1,26
S28,83,Incongruent,649.9,1,26
S28,84,Congruent,571.8,1,26
S28,85,Incongruent,729.1,1,26
S28,86,Incongruent,570.8,1,26
S28,87,Congruent,591.9,1,26
S28,88,Incongruent,628.7,1,26
S28,89,Congruent,602.1,1,26
S28,90,Incongruent,568.4,1,26
S28,91,Incongruent,682.6,0,26
S28,92,Incongruent,563.9,1,26
S28,93,Congruent,554.3,1,26
S28,94,Incongruent,565.9,1,26
S28,95,Incongruent,633.0,1,26
S28,96,Congruent,571.4,1,26
S28,97,Congruent,607.1,1,26
S28,98,Incongruent,591.4,1,26
S28,99,Congruent,612.3,1,26
S28,100,Incongruent,555.1,1,26
S29,1,Congruent,639.2,1,34
S29,2,Congruent,678.2,1,34
S29,3,Congruent,682.2,0,34
S29,4,Incongruent,699.4,1,34
S29,5,Congruent,661.2,1,34
S29,6,Incongruent,771.4,1,34
S29,7,Incongruent,664.1,1,34
S29,8,Congruent,686.2,1,34
S29,9,Congruent,626.3,1,34
S29,10,Congruent,639.2,1,34
S29,11,Incongruent,650.4,0,34
S29,12,Congruent,653.4,1,34
S29,13,Congruent,617.6,1,34
S29,14,Incongruent,716.4,1,34
S29,15,Incongruent,676.3,1,34
S29,16,Congruent,643.1,1,34
S29,17,Congruent,605.6,1,34
S29,18,Incongruent,752.0,1,34
S29,19,Incongruent,725.5,1,34
S29,20,Congruent,666.0,0,34
S29,21,Congruent,575.5,1,34
S29,22,Congruent,656.3,0,34
S29,23,Congruent,639.3,1,34
S29,24,Incongruent,635.0,1,34
S29,25,Congruent,683.6,1,34
S29,26,Incongruent,666.5,1,34
S29,27,Incongruent,677.3,0,34
S29,28,Incongruent,763.3,1,34
S29,29,Incongruent,634.3,1,34
S29,30,Incongruent,661.0,1,34
S29,31,Incongruent,699.7,1,34
S29,32,Congruent,582.0,1,34
S29,33,Congruent,525.3,1,34
S29,34,Congruent,602.4,1,34
S29,35,Incongruent,730.6,1,34
S29,36,Incongruent,749.6,1,34
S29,37,Incongruent,703.3,1,34
S29,38,Incongruent,718.8,1,34
S29,39,Congruent,691.9,1,34
S29,40,Incongruent,668.4,1,34
S29,41,Congruent,685.3,1,34
S29,42,Congruent,577.0,1,34
S29,43,Incongruent,770.1,1,34
S29,44,Congruent,679.0,1,34
S29,45,Congruent,569.1,1,34
S29,46,Incongruent,774.6,1,34
S29,47,Incongruent,725.4,1,34
S29,48,Incongruent,694.5,1,34
S29,49,Congruent,572.9,1,34
S29,50,Incongruent,614.4,1,34
S29,51,Incongruent,686.9,1,34
S29,52,Congruent,621.2,1,34
S29,53,Incongruent,718.4,1,34
S29,54,Congruent,584.6,1,34
S29,55,Congruent,614.3,1,34
S29,56,Congruent,574.1,1,34
S29,57,Congruent,590.3,0,34
S29,58,Incongruent,761.8,1,34
S29,59,Incongruent,642.1,1,34
S29,60,Incongruent,622.5,1,34
S29,61,Congruent,649.1,1,34
S29,62,Congruent,650.3,1,34
S29,63,Congruent,621.2,1,34
S29,64,Incongruent,649.4,1,34
S29,65,Incongruent,764.9,1,34
S29,66,Incongruent,604.0,1,34
S29,67,Incongruent,606.5,1,34
S29,68,Incongruent,650.5,1,34
S29,69,Incongruent,686.0,1,34
S29,70,Congruent,617.9,1,34
S29,71,Congruent,600.7,1,34
S29,72,Incongruent,637.7,1,34
S29,73,Incongruent,652.9,1,34
S29,74,Congruent,672.1,1,34
S29,75,Incongruent,593.2,1,34
S29,76,Congruent,652.9,1,34
S29,77,Congruent,567.4,1,34
S29,78,Incongruent,638.5,1,34
S29,79,Congruent,669.5,1,34
S29,80,Congruent,549.3,1,34
S29,81,Congruent,738.9,1,34
S29,82,Congruent,655.2,1,34
S29,83,Congruent,544.5,1,34
S29,84,Congruent,673.1,1,34
S29,85,Congruent,524.0,1,34
S29,86,Incongruent,694.2,1,34
S29,87,Congruent,627.8,1,34
S29,88,Incongruent,718.2,1,34
S29,89,Congruent,555.7,0,34
S29,90,Congruent,544.9,1,34
S29,91,Incongruent,711.9,1,34
S29,92,Incongruent,636.3,1,34
S29,93,Incongruent,768.7,1,34
S29,94,Incongruent,668.1,1,34
S29,95,Congruent,618.3,1,34
S29,96,Incongruent,569.9,1,34
S29,97,Congruent,553.6,1,34
S29,98,Incongruent,661.6,1,34
S29,99,Incongruent,651.3,1,34
S29,100,Incongruent,654.0,1,34
S30,1,Incongruent,625.1,1,39
S30,2,Incongruent,573.6,1,39
S30,3,Incongruent,610.6,0,39
S30,4,Incongruent,659.1,0,39
S30,5,Incongruent,665.2,1,39
S30,6,Incongruent,600.2,1,39
S30,7,Incongruent,691.6,1,39
S30,8,Incongruent,719.9,1,39
S30,9,Congruent,613.8,1,39
S30,10,Congruent,540.0,0,39
S30,11,Incongruent,636.0,1,39
S30,12,Congruent,618.2,1,39
S30,13,Incongruent,707.8,1,39
S30,14,Congruent,531.1,1,39
S30,15,Congruent,550.7,1,39
S30,16,Congruent,601.4,1,39
S30,17,Congruent,546.5,1,39
S30,18,Incongruent,624.9,1,39
S30,19,Congruent,544.0,1,39
S30,20,Incongruent,576.3,1,39
S30,21,Congruent,502.8,1,39
S30,22,Congruent,554.1,1,39
S30,23,Congruent,502.5,1,39
S30,24,Incongruent,608.5,1,39
S30,25,Congruent,569.0,1,39
S30,26,Incongruent,560.0,1,39
S30,27,Incongruent,672.3,1,39
S30,28,Incongruent,607.0,1,39
S30,29,Incongruent,620.4,1,39
S30,30,Congruent,552.3,1,39
S30,31,Incongruent,623.2,1,39
S30,32,Incongruent,579.3,1,39
S30,33,Congruent,566.2,1,39
S30,34,Congruent,558.6,1,39
S30,35,Incongruent,653.5,1,39
S30,36,Incongruent,574.6,1,39
S30,37,Incongruent,645.6,1,39
S30,38,Congruent,530.2,1,39
S30,39,Congruent,534.9,1,39
S30,40,Incongruent,536.9,1,39
S30,41,Congruent,454.3,1,39
S30,42,Incongruent,660.3,1,39
S30,43,Congruent,501.8,1,39
S30,44,Incongruent,569.2,1,39
S30,45,Congruent,584.4,1,39
S30,46,Congruent,622.7,1,39
S30,47,Congruent,499.1,1,39
S30,48,Congruent,507.8,1,39
S30,49,Incongruent,633.4,1,39
S30,50,Incongruent,609.2,1,39
S30,51,Incongruent,591.1,1,39
S30,52,Congruent,593.4,1,39
S30,53,Congruent,688.4,1,39
S30,54,Incongruent,603.7,0,39
S30,55,Congruent,555.3,1,39
S30,56,Congruent,589.5,1,39
S30,57,Congruent,631.3,0,39
S30,58,Congruent,557.0,1,39
S30,59,Incongruent,559.7,1,39
S30,60,Incongruent,660.5,1,39
S30,61,Incongruent,599.2,1,39
S30,62,Incongruent,633.3,1,39
S30,63,Congruent,556.4,1,39
S30,64,Congruent,501.9,1,39
S30,65,Congruent,578.2,1,39
S30,66,Incongruent,586.6,1,39
S30,67,Incongruent,679.3,1,39
S30,68,Incongruent,572.1,1,39
S30,69,Incongruent,648.6,1,39
S30,70,Congruent,573.5,1,39
S30,71,Incongruent,560.8,1,39
S30,72,Congruent,577.1,1,39
S30,73,Congruent,560.9,1,39
S30,74,Congruent,561.3,0,39
S30,75,Congruent,582.7,1,39
S30,76,Congruent,511.3,1,39
S30,77,Congruent,568.0,1,39
S30,78,Congruent,451.4,1,39
S30,79,Incongruent,663.4,1,39
S30,80,Incongruent,678.0,1,39
S30,81,Congruent,486.8,1,39
S30,82,Incongruent,594.9,1,39
S30,83,Incongruent,626.0,1,39
S30,84,Congruent,428.2,1,39
S30,85,Congruent,514.1,1,39
S30,86,Congruent,471.5,1,39
S30,87,Congruent,498.1,1,39
S30,88,Incongruent,566.8,1,39
S30,89,Incongruent,540.9,1,39
S30,90,Congruent,565.9,1,39
S30,91,Incongruent,548.6,1,39
S30,92,Incongruent,563.8,1,39
S30,93,Incongruent,573.4,1,39
S30,94,Congruent,463.5,1,39
S30,95,Incongruent,495.3,1,39
S30,96,Incongruent,561.1,1,39
S30,97,Congruent,493.4,1,39
S30,98,Incongruent,547.1,1,39
S30,99,Congruent,489.5,1,39
S30,100,Congruent,432.3,1,39
